,DBCODE,ENTITY,YEAR,SITECODE,SECTION,REACH,PASS,UNITNUM,UNITTYPE,VERT_INDEX,PITNUMBER,SPECIES,LENGTH1,LENGTH2,WEIGHT,CLIP,SAMPLEDATE,NOTES
0,AS006,1,2008,MACKCC-M,CC,M,2,4.0,P,7,13702134.0,DITE,58.0,106.0,8.5,NONE,2008-09-18,CUTTAIL
1,AS006,1,2008,MACKCC-M,CC,M,2,5.0,C,6,13703603.0,DITE,58.0,98.0,8.2,NONE,2008-09-18,CUTTAIL
2,AS006,1,2008,MACKCC-M,CC,M,2,7.0,C,12,13703005.0,DITE,78.0,135.0,17.1,NONE,2008-09-18,CUTTAIL
3,AS006,1,2008,MACKCC-U,CC,U,1,7.0,C,32,13706948.0,DITE,91.0,135.0,22.11,NONE,2008-09-18,CUTTAIL
4,AS006,1,2008,MACKCC-U,CC,U,1,7.0,C,40,13702843.0,DITE,62.0,100.0,8.43,NONE,2008-09-18,CUTTAIL
5,AS006,1,2008,MACKCC-U,CC,U,1,7.0,C,52,13699257.0,DITE,70.0,127.0,12.19,NONE,2008-09-18,CUTTAIL
6,AS006,1,2008,MACKCC-U,CC,U,1,7.0,C,55,13715453.0,DITE,71.0,121.0,11.01,NONE,2008-09-18,CUTTAIL
7,AS006,1,2008,MACKCC-U,CC,U,1,10.0,P,9,13706833.0,DITE,80.0,125.0,16.1,NONE,2008-09-18,CUTTAIL
8,AS006,1,2008,MACKCC-U,CC,U,1,13.0,P,20,13716252.0,DITE,79.0,131.0,16.67,NONE,2008-09-18,CUTTAIL
9,AS006,1,2008,MACKCC-U,CC,U,2,7.0,C,9,13702310.0,DITE,63.0,102.0,12.1,NONE,2008-09-18,CUTTAIL
10,AS006,1,2008,MACKCC-U,CC,U,2,8.0,P,6,13709526.0,DITE,90.0,122.0,22.22,NONE,2008-09-18,CUTTAIL
11,AS006,1,2008,MACKOG-M,OG,M,1,6.0,SC,39,13704323.0,DITE,79.0,125.0,16.82,NONE,2008-09-16,CUTTAIL
12,AS006,1,2008,MACKOG-M,OG,M,2,9.0,C,38,13700730.0,DITE,122.0,208.0,49.02,NONE,2008-09-16,BLEEDER
13,AS006,1,2009,MACKCC-L,CC,L,1,3.0,C,76,13699257.0,DITE,71.0,128.0,14.36,NONE,2009-09-14,RECAP
14,AS006,1,2009,MACKCC-L,CC,L,1,3.0,C,88,16465386.0,DITE,93.0,159.0,24.18,NONE,2009-09-14,ADULT
15,AS006,1,2009,MACKCC-L,CC,L,2,1.0,C,13,16397882.0,DITE,80.0,146.0,16.21,NONE,2009-09-14,ADULT
16,AS006,1,2009,MACKCC-M,CC,M,1,7.0,C,31,16401998.0,DITE,112.0,171.0,44.82,NONE,2009-09-15,CUT TAIL
17,AS006,1,2009,MACKCC-M,CC,M,1,7.0,C,46,13703005.0,DITE,82.0,142.0,19.9,NONE,2009-09-15,RECAP
18,AS006,1,2009,MACKCC-M,CC,M,2,7.0,C,14,16457756.0,DITE,70.0,115.0,11.06,NONE,2009-09-15,CUT TAIL
19,AS006,1,2009,MACKCC-U,CC,U,1,7.0,C,49,16461415.0,DITE,115.0,158.0,45.91,NONE,2009-09-15,CUT TAIL ADULT
20,AS006,1,2009,MACKCC-U,CC,U,1,8.0,P,14,16400705.0,DITE,110.0,189.0,45.66,NONE,2009-09-15,LARGE BITE ON SIDE
21,AS006,1,2009,MACKCC-U,CC,U,1,9.0,C,25,13713519.0,DITE,75.0,137.0,14.67,NONE,2009-09-15,RECAPTURE
22,AS006,1,2009,MACKCC-U,CC,U,1,9.0,C,34,16398250.0,DITE,74.0,117.0,12.73,NONE,2009-09-15,CUT TAIL
23,AS006,1,2009,MACKCC-U,CC,U,2,7.0,C,20,13710436.0,DITE,65.0,118.0,9.64,NONE,2009-09-15,RECAPTURE
24,AS006,1,2009,MACKCC-U,CC,U,2,7.0,C,31,13701519.0,DITE,85.0,152.0,22.66,NONE,2009-09-15,RECAPTURE
25,AS006,1,2009,MACKCC-U,CC,U,2,7.0,C,33,16457557.0,DITE,72.0,131.0,12.25,NONE,2009-09-15,ADULT
26,AS006,1,2009,MACKCC-U,CC,U,2,8.0,P,8,16399766.0,DITE,75.0,128.0,17.3,NONE,2009-09-15,CUT TAIL
27,AS006,1,2009,MACKOG-L,OG,L,1,2.0,C,23,13699240.0,DITE,73.0,130.0,16.85,NONE,2009-09-16,RECAP
28,AS006,1,2009,MACKOG-L,OG,L,1,3.0,P,35,16401295.0,DITE,68.0,107.0,11.42,NONE,2009-09-16,CUT TAIL
29,AS006,1,2009,MACKOG-L,OG,L,1,3.0,P,51,13701512.0,DITE,119.0,198.0,58.75,NONE,2009-09-16,RECAP
30,AS006,1,2009,MACKOG-M,OG,M,1,8.0,SC,37,16400973.0,DITE,82.0,137.0,20.56,NONE,2009-09-16,CUT TAIL
31,AS006,1,2009,MACKOG-M,OG,M,1,8.0,SC,42,13700695.0,DITE,85.0,151.0,19.19,NONE,2009-09-16,RECAP
32,AS006,1,2009,MACKOG-M,OG,M,1,11.0,C,43,16460128.0,DITE,66.0,112.0,9.82,NONE,2009-09-16,CUT TAIL
33,AS006,1,2009,MACKOG-M,OG,M,1,11.0,C,54,13709285.0,DITE,81.0,152.0,21.52,NONE,2009-09-16,RECAP
34,AS006,1,2009,MACKOG-M,OG,M,2,8.0,SC,16,16402227.0,DITE,122.0,214.0,49.79,NONE,2009-09-16,BLEEDER
35,AS006,1,2009,MACKOG-U,OG,U,1,15.0,C,58,16461418.0,DITE,64.0,112.0,10.17,NONE,2009-09-17,CUT TAIL
36,AS006,1,2009,MACKOG-U,OG,U,1,15.0,C,59,16395144.0,DITE,70.0,108.0,10.59,NONE,2009-09-17,CUT TAIL
37,AS006,1,2009,MACKOG-U,OG,U,1,15.0,C,85,16399086.0,DITE,63.0,103.0,9.15,NONE,2009-09-17,CUT TAIL
38,AS006,1,2009,MACKOG-U,OG,U,2,13.0,C,13,16462988.0,DITE,65.0,112.0,11.21,NONE,2009-09-17,CUT TAIL
39,AS006,1,2009,MACKOG-U,OG,U,2,15.0,C,14,16398164.0,DITE,78.0,131.0,13.89,NONE,2009-09-17,ADULT
40,AS006,1,2009,MACKOG-U,OG,U,2,16.0,SC,1,16391793.0,DITE,126.0,211.0,57.17,NONE,2009-09-17,ADULT
41,AS006,1,2010,MACKCC-L,CC,L,1,1.0,C,32,16395501.0,DITE,114.0,185.0,43.54,NONE,2010-09-07,CUTTAIL
42,AS006,1,2010,MACKCC-L,CC,L,1,2.0,SC,31,16399802.0,DITE,68.0,108.0,11.77,NONE,2010-09-07,CUTTAIL
43,AS006,1,2010,MACKCC-L,CC,L,1,3.0,C,37,16402149.0,DITE,68.0,121.0,10.29,NONE,2010-09-07,MISSING LEFT FRONT FOOT
44,AS006,1,2010,MACKCC-L,CC,L,2,3.0,C,16,16399033.0,DITE,78.0,145.0,18.71,NONE,2010-09-07,RECAP
45,AS006,1,2010,MACKCC-L,CC,L,2,3.0,C,19,16400118.0,DITE,75.0,129.0,15.76,NONE,2010-09-07,RECAP
46,AS006,1,2010,MACKCC-L,CC,L,2,3.0,C,20,13705487.0,DITE,90.0,160.0,24.7,NONE,2010-09-07,RECAP
47,AS006,1,2010,MACKCC-L,CC,L,2,3.0,C,25,16463319.0,DITE,80.0,138.0,17.57,NONE,2010-09-07,RECAP
48,AS006,1,2010,MACKCC-L,CC,L,2,3.0,C,26,16397984.0,DITE,85.0,132.0,21.85,NONE,2010-09-07,CUTTAIL
49,AS006,1,2010,MACKCC-M,CC,M,1,4.0,P,33,13707551.0,DITE,88.0,157.0,22.23,NONE,2010-09-08,RECAP
50,AS006,1,2010,MACKCC-M,CC,M,1,5.0,C,26,16399063.0,DITE,77.0,127.0,15.04,NONE,2010-09-08,RECAP
51,AS006,1,2010,MACKCC-M,CC,M,2,7.0,C,14,16402297.0,DITE,78.0,134.0,15.59,NONE,2010-09-08,"RECAP, MISSING BACK RIGHT FOOT"
52,AS006,1,2010,MACKCC-M,CC,M,2,7.0,C,15,16401228.0,DITE,89.0,140.0,21.7,NONE,2010-09-08,RECAP
53,AS006,1,2010,MACKCC-M,CC,M,2,7.0,C,16,13712638.0,DITE,74.0,137.0,14.26,NONE,2010-09-08,RECAP
54,AS006,1,2010,MACKCC-U,CC,U,1,7.0,C,54,13706683.0,DITE,110.0,195.0,40.07,NONE,2010-09-08,RECAP
55,AS006,1,2010,MACKCC-U,CC,U,1,7.0,C,55,16401998.0,DITE,109.0,175.0,43.18,NONE,2010-09-08,RECAP
56,AS006,1,2010,MACKCC-U,CC,U,1,7.0,C,64,16391512.0,DITE,66.0,105.0,10.85,NONE,2010-09-08,CUTTAIL
57,AS006,1,2010,MACKCC-U,CC,U,1,8.0,P,14,16455813.0,DITE,70.0,120.0,13.49,NONE,2010-09-08,CUTTAIL
58,AS006,1,2010,MACKCC-U,CC,U,2,7.0,C,18,16392116.0,DITE,75.0,132.0,15.09,NONE,2010-09-08,RECAP
59,AS006,1,2010,MACKCC-U,CC,U,2,7.0,C,23,16399755.0,DITE,74.0,110.0,13.8,NONE,2010-09-08,RECAP
60,AS006,1,2010,MACKCC-U,CC,U,2,7.0,C,25,16457912.0,DITE,74.0,133.0,14.31,NONE,2010-09-08,RECAP
61,AS006,1,2010,MACKCC-U,CC,U,2,8.0,P,2,16460891.0,DITE,90.0,156.0,23.82,NONE,2010-09-08,RECAP
62,AS006,1,2010,MACKOG-L,OG,L,1,2.0,C,32,13699240.0,DITE,75.0,139.0,16.99,NONE,2010-09-09,RECAP
63,AS006,1,2010,MACKOG-L,OG,L,1,3.0,P,34,16457524.0,DITE,81.0,144.0,18.44,NONE,2010-09-09,RECAP
64,AS006,1,2010,MACKOG-L,OG,L,2,2.0,C,13,26194351.0,DITE,165.0,278.0,134.59,NONE,2010-09-09,ADULT
65,AS006,1,2010,MACKOG-L,OG,L,2,4.0,C,2,16391817.0,DITE,69.0,125.0,12.94,NONE,2010-09-09,RECAP
66,AS006,1,2010,MACKOG-M,OG,M,1,6.0,C,13,13701956.0,DITE,71.0,124.0,13.15,NONE,2010-09-09,RECAP
67,AS006,1,2010,MACKOG-M,OG,M,1,7.0,P,12,16400862.0,DITE,81.0,141.0,17.44,NONE,2010-09-09,RECAP
68,AS006,1,2010,MACKOG-M,OG,M,1,8.0,SC,23,16456188.0,DITE,63.0,115.0,8.8,NONE,2010-09-09,RECAP
69,AS006,1,2010,MACKOG-M,OG,M,1,10.0,SC,16,16396519.0,DITE,67.0,125.0,12.45,NONE,2010-09-09,RECAP
70,AS006,1,2010,MACKOG-M,OG,M,1,11.0,C,30,26157665.0,DITE,74.0,99.0,12.86,NONE,2010-09-10,CUTTAIL
71,AS006,1,2010,MACKOG-M,OG,M,1,11.0,C,32,26193169.0,DITE,62.0,119.0,8.98,NONE,2010-09-10,MISSING BACK LEFT FOOT
72,AS006,1,2010,MACKOG-M,OG,M,1,11.0,C,36,16391861.0,DITE,73.0,128.0,13.09,NONE,2010-09-10,RECAP
73,AS006,1,2010,MACKOG-M,OG,M,1,11.0,C,60,16401917.0,DITE,75.0,134.0,16.09,NONE,2010-09-10,RECAP
74,AS006,1,2010,MACKOG-M,OG,M,1,11.0,C,62,16391785.0,DITE,68.0,122.0,10.82,NONE,2010-09-10,RECAP
75,AS006,1,2010,MACKOG-M,OG,M,2,6.0,C,9,26172730.0,DITE,142.0,247.0,99.67,NONE,2010-09-09,ADULT
76,AS006,1,2010,MACKOG-M,OG,M,2,10.0,SC,6,26214788.0,DITE,65.0,109.0,10.91,NONE,2010-09-09,CUTTAIL
77,AS006,1,2010,MACKOG-M,OG,M,2,10.0,SC,8,13700649.0,DITE,80.0,149.0,17.52,NONE,2010-09-09,RECAP
78,AS006,1,2010,MACKOG-M,OG,M,2,11.0,C,11,26165741.0,DITE,65.0,107.0,9.89,NONE,2010-09-10,CUTTAIL
79,AS006,1,2010,MACKOG-U,OG,U,1,12.0,P,25,26165422.0,DITE,62.0,97.0,8.6,NONE,2010-09-10,CUTTAIL
80,AS006,1,2010,MACKOG-U,OG,U,1,12.0,P,28,16402240.0,DITE,70.0,128.0,13.5,NONE,2010-09-10,RECAP
81,AS006,1,2010,MACKOG-U,OG,U,1,13.0,C,22,26167518.0,DITE,62.0,107.0,8.67,NONE,2010-09-10,CUTTAIL
82,AS006,1,2010,MACKOG-U,OG,U,2,15.0,C,16,26177067.0,DITE,63.0,86.0,8.09,NONE,2010-09-10,CUTTAIL
83,AS006,1,2010,MACKOG-U,OG,U,2,15.0,C,19,26166312.0,DITE,71.0,79.0,9.14,NONE,2010-09-10,SEVERLY CUTTAIL
84,AS006,1,2010,MACKOG-U,OG,U,2,15.0,C,22,16396904.0,DITE,80.0,148.0,19.36,NONE,2010-09-10,RECAP
85,AS006,1,2010,MACKOG-U,OG,U,2,15.0,C,24,16402109.0,DITE,120.0,199.0,51.01,NONE,2010-09-10,RECAP
86,AS006,1,2011,MACKCC-L,CC,L,1,1.0,C,46,16393788.0,DITE,71.0,121.0,13.2,NONE,2011-09-12,RECAP
87,AS006,1,2011,MACKCC-L,CC,L,1,1.0,C,48,16396930.0,DITE,117.0,204.0,48.7,NONE,2011-09-12,RECAP
88,AS006,1,2011,MACKCC-L,CC,L,1,2.0,SC,62,16399802.0,DITE,78.0,127.0,17.3,NONE,2011-09-12,RECAP
89,AS006,1,2011,MACKCC-L,CC,L,1,2.0,SC,75,26161087.0,DITE,72.0,113.0,12.5,NONE,2011-09-12,CUTTAIL
90,AS006,1,2011,MACKCC-L,CC,L,1,3.0,C,27,26175175.0,DITE,70.0,89.0,9.5,NONE,2011-09-12,CUTTAIL
91,AS006,1,2011,MACKCC-L,CC,L,1,3.0,C,42,26200280.0,DITE,99.0,177.0,30.7,NONE,2011-09-12,BLEEDER
92,AS006,1,2011,MACKCC-L,CC,L,2,2.0,SC,33,16402297.0,DITE,82.0,147.0,20.0,NONE,2011-09-12,RECAP
93,AS006,1,2011,MACKCC-L,CC,L,2,2.0,SC,38,26197920.0,DITE,120.0,187.0,55.9,NONE,2011-09-12,CUTTAIL
94,AS006,1,2011,MACKCC-L,CC,L,2,3.0,C,33,16374783.0,DITE,73.0,129.0,14.2,NONE,2011-09-12,RECAP?
95,AS006,1,2011,MACKCC-M,CC,M,1,7.0,C,23,16397919.0,DITE,74.0,112.0,13.77,NONE,2011-09-13,RECAP
96,AS006,1,2011,MACKCC-M,CC,M,1,7.0,C,24,26159539.0,DITE,65.0,122.0,11.75,NONE,2011-09-13,BLEEDER
97,AS006,1,2011,MACKCC-U,CC,U,1,7.0,C,39,26179670.0,DITE,74.0,108.0,13.96,NONE,2011-09-13,BLEEDER
98,AS006,1,2011,MACKCC-U,CC,U,1,7.0,C,45,26203097.0,DITE,45.0,74.0,3.1,NONE,2011-09-13,SEEMS TOO SMALL TO PIT TAG
99,AS006,1,2011,MACKCC-U,CC,U,1,7.0,C,57,26170020.0,DITE,108.0,170.0,38.48,NONE,2011-09-13,CUTTAIL
100,AS006,1,2011,MACKCC-U,CC,U,1,7.0,C,76,16395496.0,DITE,69.0,130.0,15.45,NONE,2011-09-13,RECAP
101,AS006,1,2011,MACKCC-U,CC,U,1,7.0,C,90,16402946.0,DITE,100.0,168.0,33.49,NONE,2011-09-13,RECAP
102,AS006,1,2011,MACKCC-U,CC,U,1,7.0,C,91,26186584.0,DITE,84.0,153.0,27.25,NONE,2011-09-13,CUTTAIL
103,AS006,1,2011,MACKCC-U,CC,U,1,7.0,C,92,16399037.0,DITE,80.0,143.0,18.59,NONE,2011-09-13,RECAP
104,AS006,1,2011,MACKCC-U,CC,U,1,7.0,C,94,26182679.0,DITE,61.0,98.0,9.93,NONE,2011-09-13,CUTTAIL
105,AS006,1,2011,MACKCC-U,CC,U,1,7.0,C,113,26181089.0,DITE,70.0,118.0,12.85,NONE,2011-09-13,CUTTAIL
106,AS006,1,2011,MACKCC-U,CC,U,1,7.0,C,118,16400733.0,DITE,72.0,122.0,12.43,NONE,2011-09-13,RECAP
107,AS006,1,2011,MACKCC-U,CC,U,1,7.0,C,119,26153894.0,DITE,89.0,145.0,22.33,NONE,2011-09-13,CUTTAIL
108,AS006,1,2011,MACKCC-U,CC,U,1,7.0,C,120,16394993.0,DITE,80.0,146.0,18.99,NONE,2011-09-13,RECAP
109,AS006,1,2011,MACKCC-U,CC,U,1,9.0,C,22,26226582.0,DITE,63.0,106.0,10.56,NONE,2011-09-13,CUTTAIL
110,AS006,1,2011,MACKCC-U,CC,U,2,7.0,C,12,26186603.0,DITE,83.0,127.0,20.81,NONE,2011-09-13,CUTTAIL
111,AS006,1,2011,MACKOG-L,OG,L,1,3.0,C,55,26162699.0,DITE,70.0,122.0,13.54,NONE,2011-09-14,RECAP
112,AS006,1,2011,MACKOG-L,OG,L,1,3.0,C,65,26184255.0,DITE,60.0,100.0,7.51,NONE,2011-09-14,CUTTAIL
113,AS006,1,2011,MACKOG-L,OG,L,2,2.0,P,3,26156136.0,DITE,73.0,131.0,14.58,NONE,2011-09-14,RECAP
114,AS006,1,2011,MACKOG-L,OG,L,2,3.0,C,15,26211754.0,DITE,77.0,120.0,16.2,NONE,2011-09-14,CUTTAIL
115,AS006,1,2011,MACKOG-L,OG,L,2,3.0,C,17,26176711.0,DITE,66.0,122.0,10.12,NONE,2011-09-14,MISSING LEFT REAR LEG
116,AS006,1,2011,MACKOG-L,OG,L,2,3.0,C,18,26175501.0,DITE,83.0,143.0,20.28,NONE,2011-09-14,BLEEDER
117,AS006,1,2011,MACKOG-M,OG,M,1,7.0,SC,14,26176287.0,DITE,65.0,113.0,9.65,NONE,2011-09-14,CUTTAIL
118,AS006,1,2011,MACKOG-M,OG,M,1,7.0,SC,16,16402227.0,DITE,122.0,221.0,54.46,NONE,2011-09-14,RECAP
119,AS006,1,2011,MACKOG-M,OG,M,1,9.0,P,10,26170334.0,DITE,62.0,104.0,9.44,NONE,2011-09-14,CUTTAIL
120,AS006,1,2011,MACKOG-M,OG,M,1,10.0,SC,22,26150414.0,DITE,68.0,105.0,11.07,NONE,2011-09-14,CUTTAIL
121,AS006,1,2011,MACKOG-M,OG,M,1,10.0,SC,28,26180941.0,DITE,65.0,107.0,9.26,NONE,2011-09-14,CUTTAIL
122,AS006,1,2011,MACKOG-M,OG,M,1,10.0,SC,43,26177067.0,DITE,67.0,112.0,10.06,NONE,2011-09-14,RECAP
123,AS006,1,2011,MACKOG-M,OG,M,1,10.0,SC,46,26184263.0,DITE,61.0,87.0,7.0,NONE,2011-09-14,CUTTAIL
124,AS006,1,2011,MACKOG-M,OG,M,1,10.0,SC,53,16379606.0,DITE,72.0,115.0,12.83,NONE,2011-09-14,RECAP
125,AS006,1,2011,MACKOG-M,OG,M,1,10.0,SC,54,13700649.0,DITE,83.0,156.0,20.42,NONE,2011-09-14,RECAP
126,AS006,1,2011,MACKOG-M,OG,M,1,11.0,C,39,26177572.0,DITE,72.0,116.0,13.24,NONE,2011-09-14,RECAP
127,AS006,1,2011,MACKOG-M,OG,M,1,11.0,C,49,26167050.0,DITE,67.0,125.0,11.4,NONE,2011-09-14,RECAP
128,AS006,1,2011,MACKOG-M,OG,M,1,11.0,C,53,13704771.0,DITE,117.0,205.0,54.14,NONE,2011-09-14,RECAP
129,AS006,1,2011,MACKOG-M,OG,M,2,5.0,C,5,26203833.0,DITE,65.0,120.0,9.77,NONE,2011-09-14,RECAP
130,AS006,1,2011,MACKOG-M,OG,M,2,5.0,C,6,26183137.0,DITE,68.0,115.0,11.38,NONE,2011-09-14,RECAP
131,AS006,1,2011,MACKOG-M,OG,M,2,5.0,C,7,26184188.0,DITE,70.0,103.0,10.7,NONE,2011-09-14,CUTTAIL
132,AS006,1,2011,MACKOG-M,OG,M,2,8.0,SC,11,26194598.0,DITE,74.0,121.0,14.11,NONE,2011-09-14,CUTTAIL
133,AS006,1,2011,MACKOG-M,OG,M,2,9.0,P,1,26167488.0,DITE,83.0,132.0,19.07,NONE,2011-09-14,CUTTAIL
134,AS006,1,2011,MACKOG-U,OG,U,1,12.0,P,20,26151134.0,DITE,47.0,88.0,4.39,NONE,2011-09-15,SEEMS TOO SMALL TO PIT TAG
135,AS006,1,2011,MACKOG-U,OG,U,1,13.0,C,41,26174903.0,DITE,70.0,129.0,14.07,NONE,2011-09-15,RECAP
136,AS006,1,2011,MACKOG-U,OG,U,1,15.0,C,28,26153969.0,DITE,61.0,102.0,9.94,NONE,2011-09-15,CUTTAIL
137,AS006,1,2011,MACKOG-U,OG,U,1,15.0,C,30,26174590.0,DITE,60.0,102.0,7.55,NONE,2011-09-15,CUTTAIL
138,AS006,1,2011,MACKOG-U,OG,U,1,15.0,C,38,26227401.0,DITE,84.0,130.0,18.99,NONE,2011-09-15,CUTTAIL
139,AS006,1,2011,MACKOG-U,OG,U,2,13.0,C,7,26194583.0,DITE,75.0,133.0,14.46,NONE,2011-09-15,BLEEDER
140,AS006,1,2012,MACKCC-L,CC,L,1,1.0,C,35,18575092.0,DITE,65.0,102.0,8.8,NONE,2012-09-04,"BLEEDER, CUTTAIL"
141,AS006,1,2012,MACKCC-L,CC,L,1,1.0,C,43,19096372.0,DITE,75.0,126.0,15.3,NONE,2012-09-04,CUT TAIL
142,AS006,1,2012,MACKCC-L,CC,L,1,1.0,C,45,16393788.0,DITE,77.0,137.0,17.0,NONE,2012-09-04,"RECAP, ADULT"
143,AS006,1,2012,MACKCC-L,CC,L,1,2.0,SC,50,19139735.0,DITE,75.0,131.0,13.9,NONE,2012-09-04,CUT TAIL
144,AS006,1,2012,MACKCC-L,CC,L,1,2.0,SC,59,26226899.0,DITE,76.0,96.0,12.7,NONE,2012-09-04,"CUT TAIL, RECAP"
145,AS006,1,2012,MACKCC-L,CC,L,1,3.0,C,18,19139430.0,DITE,67.0,107.0,11.6,NONE,2012-09-04,CUT TAIL
146,AS006,1,2012,MACKCC-L,CC,L,1,3.0,C,29,26178537.0,DITE,119.0,193.0,60.5,NONE,2012-09-04,RECAP
147,AS006,1,2012,MACKCC-L,CC,L,1,3.0,C,59,26224047.0,DITE,81.0,124.0,18.6,NONE,2012-09-04,"RECAP, CUTTAIL"
148,AS006,1,2012,MACKCC-L,CC,L,2,1.0,C,15,26215002.0,DITE,78.0,135.0,18.3,NONE,2012-09-04,RECAP
149,AS006,1,2012,MACKCC-L,CC,L,2,2.0,SC,16,26226001.0,DITE,70.0,118.0,11.8,NONE,2012-09-04,CUT TAIL
150,AS006,1,2012,MACKCC-L,CC,L,2,2.0,SC,20,26178089.0,DITE,70.0,115.0,13.5,NONE,2012-09-04,CUT TAIL
151,AS006,1,2012,MACKCC-L,CC,L,2,3.0,C,22,26150959.0,DITE,85.0,154.0,19.9,NONE,2012-09-04,"RECAP, ADULT"
152,AS006,1,2012,MACKCC-M,CC,M,1,4.0,P,42,26157580.0,DITE,85.0,153.0,18.1,NONE,2012-09-05,RECAP
153,AS006,1,2012,MACKCC-M,CC,M,1,4.0,P,45,26181849.0,DITE,83.0,147.0,16.6,NONE,2012-09-05,RECAP
154,AS006,1,2012,MACKCC-M,CC,M,1,4.0,P,46,19060349.0,DITE,120.0,210.0,56.5,NONE,2012-09-05,BLEEDER
155,AS006,1,2012,MACKCC-M,CC,M,1,4.0,P,47,18561994.0,DITE,130.0,214.0,69.2,NONE,2012-09-05,SCARS
156,AS006,1,2012,MACKCC-M,CC,M,1,5.0,C,50,26179409.0,DITE,75.0,133.0,13.8,NONE,2012-09-05,"RECAP, ADULT"
157,AS006,1,2012,MACKCC-M,CC,M,1,6.0,P,21,26186252.0,DITE,69.0,123.0,13.0,NONE,2012-09-05,RECAP
158,AS006,1,2012,MACKCC-M,CC,M,1,7.5,SC,12,18563302.0,DITE,66.0,98.0,9.2,NONE,2012-09-05,CUT TAIL
159,AS006,1,2012,MACKCC-M,CC,M,1,7.5,SC,20,26213835.0,DITE,100.0,176.0,33.8,NONE,2012-09-05,RECAP
160,AS006,1,2012,MACKCC-M,CC,M,2,7.0,C,4,26218258.0,DITE,70.0,124.0,14.3,NONE,2012-09-05,"RECAP, CUT TAIL"
161,AS006,1,2012,MACKCC-M,CC,M,2,7.0,C,6,19102169.0,DITE,68.0,120.0,11.8,NONE,2012-09-05,CUT TAIL
162,AS006,1,2012,MACKCC-U,CC,U,1,7.0,C,65,13701987.0,DITE,120.0,183.0,33.9,NONE,2012-09-05,RECAP
163,AS006,1,2012,MACKCC-U,CC,U,1,7.0,C,67,26203097.0,DITE,74.0,134.0,15.0,NONE,2012-09-05,RECAP
164,AS006,1,2012,MACKCC-U,CC,U,1,7.0,C,68,16461415.0,DITE,130.0,214.0,76.7,NONE,2012-09-05,RECAP
165,AS006,1,2012,MACKCC-U,CC,U,1,7.0,C,135,16399964.0,DITE,82.0,145.0,19.3,NONE,2012-09-05,RECAP
166,AS006,1,2012,MACKCC-U,CC,U,1,7.0,C,139,26216962.0,DITE,120.0,207.0,51.3,NONE,2012-09-05,RECAP
167,AS006,1,2012,MACKCC-U,CC,U,1,7.0,C,147,13706948.0,DITE,105.0,160.0,35.0,NONE,2012-09-05,RECAP
168,AS006,1,2012,MACKCC-U,CC,U,2,9.0,C,10,19077888.0,DITE,87.0,145.0,18.5,NONE,2012-09-05,ADULT
169,AS006,1,2012,MACKOG-L,OG,L,1,3.0,C,13,16462536.0,DITE,97.0,158.0,30.1,NONE,2012-09-06,RECAP
170,AS006,1,2012,MACKOG-L,OG,L,1,5.0,C,9,26209869.0,DITE,128.0,205.0,83.4,NONE,2012-09-06,RECAP
171,AS006,1,2012,MACKOG-L,OG,L,2,1.0,C,6,26223449.0,DITE,66.0,105.0,10.4,NONE,2012-09-06,"RECAP, CUT TAIL"
172,AS006,1,2012,MACKOG-L,OG,L,2,3.0,C,13,26155395.0,DITE,105.0,167.0,40.0,NONE,2012-09-06,RECAP
173,AS006,1,2012,MACKOG-M,OG,M,1,5.0,C,24,19134769.0,DITE,95.0,151.0,29.5,NONE,2012-09-06,CUT TAIL
174,AS006,1,2012,MACKOG-M,OG,M,1,6.0,SC,20,19136400.0,DITE,69.0,102.0,13.3,NONE,2012-09-06,CUT TAIL
175,AS006,1,2012,MACKOG-M,OG,M,1,10.0,SC,29,19134276.0,DITE,62.0,101.0,7.7,NONE,2012-09-06,CUT TAIL
176,AS006,1,2012,MACKOG-M,OG,M,1,10.0,SC,30,19136289.0,DITE,67.0,113.0,9.5,NONE,2012-09-06,CUT TAIL
177,AS006,1,2012,MACKOG-M,OG,M,1,11.0,C,45,19095502.0,DITE,63.0,94.0,8.2,NONE,2012-09-06,CUT TAIL
178,AS006,1,2012,MACKOG-M,OG,M,1,11.0,C,52,13699799.0,DITE,146.0,252.0,90.7,NONE,2012-09-06,RECAP
179,AS006,1,2012,MACKOG-M,OG,M,1,11.0,C,67,18560311.0,DITE,67.0,108.0,8.4,NONE,2012-09-06,CUT TAIL
180,AS006,1,2012,MACKOG-M,OG,M,1,11.0,C,74,26181366.0,DITE,116.0,194.0,53.8,NONE,2012-09-06,"RECAP, BITE MARK"
181,AS006,1,2012,MACKOG-M,OG,M,1,11.0,C,75,18564153.0,DITE,125.0,204.0,57.8,NONE,2012-09-06,MISSING L. FOOT
182,AS006,1,2012,MACKOG-M,OG,M,2,5.0,C,5,19134970.0,DITE,120.0,205.0,37.0,NONE,2012-09-06,VERY THIN
183,AS006,1,2012,MACKOG-U,OG,U,1,14.0,P,7,19056420.0,DITE,60.0,94.0,6.8,NONE,2012-09-07,CUT TAIL
184,AS006,1,2012,MACKOG-U,OG,U,1,14.0,P,9,18567745.0,DITE,65.0,106.0,9.7,NONE,2012-09-07,CUT TAIL
185,AS006,1,2012,MACKOG-U,OG,U,1,15.0,C,81,19100269.0,DITE,62.0,107.0,8.9,NONE,2012-09-07,CUT TAIL
186,AS006,1,2012,MACKOG-U,OG,U,2,15.0,C,29,19096402.0,DITE,70.0,128.0,11.1,NONE,2012-09-07,BLEEDER
187,AS006,1,2013,MACKCC-L,CC,L,1,1.0,C,28,16398146.0,DITE,105.0,184.0,37.9,NONE,2013-09-03,RECAP
188,AS006,1,2013,MACKCC-L,CC,L,1,2.0,SC,45,19103801.0,DITE,69.0,100.0,10.6,NONE,2013-09-03,CUT TAIL
189,AS006,1,2013,MACKCC-L,CC,L,1,2.0,SC,48,26183331.0,DITE,90.0,160.0,24.5,NONE,2013-09-03,RECAP
190,AS006,1,2013,MACKCC-L,CC,L,1,3.0,C,69,16459112.0,DITE,133.0,225.0,84.1,NONE,2013-09-03,RECAP
191,AS006,1,2013,MACKCC-L,CC,L,2,1.0,C,18,26176624.0,DITE,84.0,148.0,22.7,NONE,2013-09-03,RECAP
192,AS006,1,2013,MACKCC-L,CC,L,2,2.0,SC,20,19058164.0,DITE,72.0,116.0,13.5,NONE,2013-09-03,CUT TAIL
193,AS006,1,2013,MACKCC-M,CC,M,1,5.0,C,54,18566498.0,DITE,130.0,216.0,66.3,NONE,2013-09-03,BLEEDER
194,AS006,1,2013,MACKCC-M,CC,M,1,7.0,C,20,16395502.0,DITE,83.0,142.0,19.5,NONE,2013-09-03,RECAP
195,AS006,1,2013,MACKCC-U,CC,U,1,7.0,C,72,19078866.0,DITE,73.0,136.0,15.6,NONE,2013-09-03,RECAP
196,AS006,1,2013,MACKCC-U,CC,U,1,7.0,C,87,19062053.0,DITE,112.0,191.0,46.7,NONE,2013-09-03,RECAP
197,AS006,1,2013,MACKCC-U,CC,U,1,7.0,C,114,19102492.0,DITE,79.0,140.0,15.6,NONE,2013-09-03,ADULT
198,AS006,1,2013,MACKCC-U,CC,U,1,7.0,C,115,16402334.0,DITE,119.0,203.0,66.1,NONE,2013-09-03,RECAP
199,AS006,1,2013,MACKCC-U,CC,U,1,7.0,C,116,26151408.0,DITE,134.0,232.0,78.6,NONE,2013-09-03,RECAP
200,AS006,1,2013,MACKCC-U,CC,U,1,8.0,P,17,26170020.0,DITE,112.0,190.0,49.4,NONE,2013-09-03,RECAP
201,AS006,1,2013,MACKCC-U,CC,U,1,9.0,C,17,19062752.0,DITE,70.0,122.0,12.0,NONE,2013-09-03,"RECAP, 18561973 (OLD tag)"
202,AS006,1,2013,MACKOG-L,OG,L,1,1.0,C,15,19102251.0,DITE,65.0,112.0,10.0,NONE,2013-09-05,EXP
203,AS006,1,2013,MACKOG-L,OG,L,1,2.0,P,12,18577590.0,DITE,92.0,165.0,30.6,NONE,2013-09-05,BLEEDER
204,AS006,1,2013,MACKOG-L,OG,L,1,2.0,P,13,19098518.0,DITE,81.0,140.0,18.7,NONE,2013-09-05,RECAP
205,AS006,1,2013,MACKOG-L,OG,L,1,3.0,C,42,18576105.0,DITE,71.0,127.0,12.7,NONE,2013-09-05,EXP
206,AS006,1,2013,MACKOG-L,OG,L,1,3.0,C,54,18570602.0,DITE,70.0,127.0,12.2,NONE,2013-09-05,EXP
207,AS006,1,2013,MACKOG-L,OG,L,1,3.0,C,55,19093809.0,DITE,71.0,128.0,12.1,NONE,2013-09-05,EXP
208,AS006,1,2013,MACKOG-L,OG,L,1,3.0,C,57,18560616.0,DITE,65.0,117.0,10.4,NONE,2013-09-05,"EXP, CUT TAIL"
209,AS006,1,2013,MACKOG-L,OG,L,1,3.0,C,58,19062614.0,DITE,70.0,118.0,12.2,NONE,2013-09-05,"RECAP, CUT TAIL"
210,AS006,1,2013,MACKOG-L,OG,L,1,3.0,C,59,19097361.0,DITE,65.0,115.0,10.1,NONE,2013-09-05,EXP
211,AS006,1,2013,MACKOG-L,OG,L,1,3.0,C,60,19061173.0,DITE,68.0,121.0,10.8,NONE,2013-09-05,EXP
212,AS006,1,2013,MACKOG-L,OG,L,1,3.0,C,61,16455105.0,DITE,95.0,154.0,28.4,NONE,2013-09-05,RECAP
213,AS006,1,2013,MACKOG-L,OG,L,1,3.0,C,74,19100565.0,DITE,66.0,118.0,10.7,NONE,2013-09-05,EXP
214,AS006,1,2013,MACKOG-L,OG,L,1,3.0,C,94,19091110.0,DITE,65.0,113.0,10.5,NONE,2013-09-05,EXP
215,AS006,1,2013,MACKOG-L,OG,L,2,4.0,P,5,19138758.0,DITE,77.0,138.0,19.2,NONE,2013-09-05,RECAP
216,AS006,1,2013,MACKOG-M,OG,M,1,10.0,SC,12,18560311.0,DITE,75.0,128.0,13.3,NONE,2013-09-05,RECAP
217,AS006,1,2013,MACKOG-M,OG,M,2,11.0,C,19,18561887.0,DITE,82.0,143.0,19.0,NONE,2013-09-05,RECAP
218,AS006,1,2013,MACKOG-U,OG,U,1,12.0,P,15,19080176.0,DITE,68.0,111.0,11.8,NONE,2013-09-06,CUT TAIL
219,AS006,1,2013,MACKOG-U,OG,U,1,15.0,C,56,26194625.0,DITE,120.0,187.0,59.2,NONE,2013-09-06,RECAP
220,AS006,1,2013,MACKOG-U,OG,U,1,15.0,C,74,18574228.0,DITE,70.0,125.0,12.5,NONE,2013-09-06,BLEEDER
221,AS006,1,2013,MACKOG-U,OG,U,1,15.0,C,94,18560582.0,DITE,75.0,137.0,15.5,NONE,2013-09-06,MISSING R. FOOT
222,AS006,1,2014,MACKCC-L,CC,L,1,1.0,C,53,19062542.0,DITE,113.0,162.0,42.07,NONE,2014-09-08,CUTTAIL
223,AS006,1,2014,MACKCC-L,CC,L,1,2.0,SC,41,18574103.0,DITE,71.0,117.0,12.51,NONE,2014-09-08,CUTTAIL
224,AS006,1,2014,MACKCC-L,CC,L,2,1.0,C,6,18572923.0,DITE,66.0,95.0,9.62,NONE,2014-09-08,CUTTAIL
225,AS006,1,2014,MACKCC-L,CC,L,2,1.0,C,10,19100713.0,DITE,65.0,113.0,9.96,NONE,2014-09-08,SLIGHT BLEEDER
226,AS006,1,2014,MACKCC-L,CC,L,2,1.0,C,14,16395046.0,DITE,117.0,183.0,44.55,NONE,2014-09-08,"RECAP, NO VISIBLE PIT SCAR"
227,AS006,1,2014,MACKCC-L,CC,L,2,2.0,SC,15,18574263.0,DITE,71.0,129.0,13.13,NONE,2014-09-08,MISSING RIGHT LEG
228,AS006,1,2014,MACKCC-L,CC,L,2,2.0,SC,17,18569855.0,DITE,74.0,132.0,15.56,NONE,2014-09-08,RECAP
229,AS006,1,2014,MACKCC-L,CC,L,2,3.0,C,9,19142007.0,DITE,81.0,148.0,20.95,NONE,2014-09-08,RECAP
230,AS006,1,2014,MACKCC-M,CC,M,1,5.0,C,38,26197164.0,DITE,114.0,194.0,45.06,NONE,2014-09-09,"RECAP,NO VISIBLE PIT TAG SCAR"
231,AS006,1,2014,MACKOG-L,OG,L,1,3.0,C,16,19076995.0,DITE,60.0,89.0,8.11,NONE,2014-09-10,CUTTAIL
232,AS006,1,2014,MACKOG-L,OG,L,1,3.0,C,18,26155395.0,DITE,108.0,194.0,45.04,NONE,2014-09-10,RECAP
233,AS006,1,2014,MACKOG-L,OG,L,2,3.0,C,5,19062708.0,DITE,74.0,141.0,17.75,NONE,2014-09-10,RECAP
234,AS006,1,2014,MACKOG-M,OG,M,1,10.0,C,2,18568896.0,DITE,145.0,227.0,105.12,NONE,2014-09-10,ADULT
235,AS006,1,2014,MACKOG-M,OG,M,1,10.0,C,16,18571853.0,DITE,72.0,124.0,10.77,NONE,2014-09-10,Adult
236,AS006,1,2014,MACKOG-M,OG,M,2,10.0,C,16,19078896.0,DITE,68.0,115.0,11.37,NONE,2014-09-10,SLIGHT BLEEDER
237,AS006,1,2014,MACKOG-M,OG,M,2,10.0,C,18,19097153.0,DITE,74.0,128.0,13.18,NONE,2014-09-10,BLEEDER
238,AS006,1,2014,MACKOG-U,OG,U,2,15.0,C,13,19070550.0,DITE,65.0,108.0,8.92,NONE,2014-09-11,CUTTAIL
239,AS006,1,2014,MACKOG-U,OG,U,2,15.0,C,15,19057869.0,DITE,79.0,138.0,15.9,NONE,2014-09-11,RECAP
240,AS006,1,2015,MACKCC-L,CC,L,1,1.0,C,51,19062542.0,DITE,120.0,175.0,46.66,NONE,2015-08-31,RECAP
241,AS006,1,2015,MACKCC-L,CC,L,1,1.0,C,58,18564101.0,DITE,88.0,143.0,19.72,NONE,2015-08-31,ADULT
242,AS006,1,2015,MACKCC-L,CC,L,1,2.0,SC,33,19053667.0,DITE,105.0,185.0,43.59,NONE,2015-08-31,RECAP
243,AS006,1,2015,MACKCC-L,CC,L,1,2.0,SC,34,18564187.0,DITE,108.0,189.0,39.22,NONE,2015-08-31,RECAP
244,AS006,1,2015,MACKCC-L,CC,L,1,3.0,C,48,26224047.0,DITE,113.0,181.0,41.75,NONE,2015-08-31,RECAP
245,AS006,1,2015,MACKCC-L,CC,L,1,3.0,C,51,18568708.0,DITE,122.0,212.0,64.77,NONE,2015-08-31,RECAP
246,AS006,1,2015,MACKCC-L,CC,L,1,3.0,C,56,19093017.0,DITE,65.0,103.0,9.02,NONE,2015-08-31,CUTTAIL
247,AS006,1,2015,MACKCC-M,CC,M,1,5.0,C,38,19052470.0,DITE,69.0,123.0,11.31,NONE,2015-09-01,MISSING RIGHT REAR LEG
248,AS006,1,2015,MACKCC-U,CC,U,1,9.0,C,48,19098362.0,DITE,77.0,92.0,10.81,NONE,2015-09-01,"ADULT, SEVER CUTTAIL"
249,AS006,1,2015,MACKCC-U,CC,U,1,9.0,C,58,19070557.0,DITE,125.0,219.0,63.33,NONE,2015-09-01,RECAP
250,AS006,1,2015,MACKCC-U,CC,U,2,9.0,C,34,19072300.0,DITE,117.0,180.0,50.39,NONE,2015-09-01,CUTTAIL
251,AS006,1,2015,MACKOG-L,OG,L,2,1.0,C,3,19103937.0,DITE,115.0,178.0,47.99,NONE,2015-09-02,FUNGUS WOUND ON TAIL
252,AS006,1,2015,MACKOG-U,OG,U,1,16.0,C,55,26170031.0,DITE,109.0,186.0,39.78,NONE,2015-09-03,"RECAP, LARGE HEALED BIT ON UPPER EDGE OF TAIL"
253,AS006,1,2016,MACKCC-L,CC,L,1,3.0,C,25,18568846.0,DITE,71.0,135.0,14.03,NONE,2016-09-05,RECAP
254,AS006,1,2016,MACKCC-M,CC,M,1,4.0,P,32,18563388.0,DITE,72.0,132.0,13.3,NONE,2016-09-06,RECAP
255,AS006,1,2016,MACKCC-U,CC,U,1,9.0,C,34,18574197.0,DITE,60.0,113.0,6.7,NONE,2016-09-06,MISSING RIGHT REAR LEG
256,AS006,1,2016,MACKCC-U,CC,U,1,12.0,C,19,16402334.0,DITE,128.0,222.0,69.0,NONE,2016-09-06,RECAP
257,AS006,1,2016,MACKCC-U,CC,U,2,12.0,C,11,18576317.0,DITE,71.0,130.0,14.1,NONE,2016-09-06,RECAP
258,AS006,1,2016,MACKOG-M,OG,M,2,11.0,C,15,18575152.0,DITE,62.0,100.0,8.45,NONE,2016-09-07,CUTTAIL
259,AS006,1,2016,MACKOG-U,OG,U,1,14.0,C,13,18564120.0,DITE,65.0,120.0,9.24,NONE,2016-09-08,SLIGHT BLEEDER
260,AS006,1,2016,MACKOG-U,OG,U,1,15.0,P,28,26153907.0,DITE,121.0,204.0,55.09,NONE,2016-09-08,RECAP
261,AS006,1,2016,MACKOG-U,OG,U,1,16.0,C,35,19073025.0,DITE,77.0,120.0,14.74,NONE,2016-09-08,CUTTAIL
262,AS006,1,2016,MACKOG-U,OG,U,2,16.0,C,12,18539579.0,DITE,61.0,104.0,8.13,NONE,2016-09-08,CUTTAIL
263,AS006,1,2017,MACKCC-L,CC,L,1,1.0,C,20,26215045.0,DITE,66.0,112.0,10.47,NONE,2017-09-05,Cut tail
264,AS006,1,2017,MACKCC-L,CC,L,1,1.0,C,21,19059582.0,DITE,62.0,105.0,8.47,NONE,2017-09-05,Cut tail
265,AS006,1,2017,MACKCC-L,CC,L,1,1.0,C,26,26203626.0,DITE,97.0,163.0,32.61,NONE,2017-09-05,Cut tail
266,AS006,1,2017,MACKCC-L,CC,L,1,1.0,C,34,19058841.0,DITE,88.0,138.0,20.44,NONE,2017-09-05,Cut tail
267,AS006,1,2017,MACKCC-L,CC,L,1,2.0,SC,26,26224638.0,DITE,70.0,127.0,11.09,NONE,2017-09-05,"Terrestrial, slight bleeder"
268,AS006,1,2017,MACKCC-L,CC,L,1,2.0,SC,27,26224651.0,DITE,125.0,218.0,58.62,NONE,2017-09-05,Recap
269,AS006,1,2017,MACKCC-L,CC,L,1,2.0,SC,35,19091496.0,DITE,72.0,132.0,12.8,NONE,2017-09-05,Terrestrial
270,AS006,1,2017,MACKCC-L,CC,L,1,2.0,SC,47,26207202.0,DITE,79.0,120.0,17.44,NONE,2017-09-05,"Missing left rear leg, cut tail"
271,AS006,1,2017,MACKCC-L,CC,L,1,2.0,SC,68,19058091.0,DITE,67.0,127.0,11.31,NONE,2017-09-05,Notched tail
272,AS006,1,2017,MACKCC-L,CC,L,1,2.0,SC,70,18569911.0,DITE,80.0,141.0,19.03,NONE,2017-09-05,Recap
273,AS006,1,2017,MACKCC-L,CC,L,1,3.0,C,31,19078542.0,DITE,65.0,95.0,8.02,NONE,2017-09-05,Cut tail slight bleeder
274,AS006,1,2017,MACKCC-L,CC,L,1,3.0,C,34,19135289.0,DITE,75.0,105.0,13.32,NONE,2017-09-05,"Cut tail, Recap"
275,AS006,1,2017,MACKCC-L,CC,L,1,3.0,C,38,26224047.0,DITE,135.0,223.0,73.11,NONE,2017-09-05,Recap
276,AS006,1,2017,MACKCC-L,CC,L,1,3.0,C,58,19056420.0,DITE,68.0,124.0,11.99,NONE,2017-09-05,Slight bleeder
277,AS006,1,2017,MACKCC-L,CC,L,2,2.0,SC,21,19136505.0,DITE,70.0,125.0,11.82,NONE,2017-09-05,Missing left rear leg
278,AS006,1,2017,MACKCC-L,CC,L,2,2.0,SC,23,19136451.0,DITE,65.0,102.0,9.59,NONE,2017-09-05,Cut tail
279,AS006,1,2017,MACKCC-L,CC,L,2,2.0,SC,30,19136715.0,DITE,80.0,140.0,15.32,NONE,2017-09-05,Terrestrial
280,AS006,1,2017,MACKCC-L,CC,L,2,3.0,C,27,19136015.0,DITE,73.0,131.0,14.12,NONE,2017-09-05,"Recap, cut tail"
281,AS006,1,2017,MACKCC-M,CC,M,1,4.0,P,39,19142916.0,DITE,78.0,130.0,15.92,NONE,2017-09-06,Cut tail
282,AS006,1,2017,MACKCC-M,CC,M,1,5.0,C,37,18569900.0,DITE,71.0,125.0,11.78,NONE,2017-09-06,Recap
283,AS006,1,2017,MACKCC-M,CC,M,1,8.0,P,8,19138539.0,DITE,81.0,145.0,18.5,NONE,2017-09-06,Slight bleeder
284,AS006,1,2017,MACKCC-M,CC,M,1,9.0,C,20,18569896.0,DITE,69.0,119.0,11.02,NONE,2017-09-06,Recap
285,AS006,1,2017,MACKCC-M,CC,M,2,5.0,C,18,26153894.0,DITE,114.0,199.0,50.54,NONE,2017-09-06,Recap
286,AS006,1,2017,MACKCC-U,CC,U,1,9.0,C,48,13699505.0,DITE,142.0,243.0,68.99,NONE,2017-09-06,Recap
287,AS006,1,2017,MACKCC-U,CC,U,1,9.0,C,56,19136588.0,DITE,64.0,119.0,9.19,NONE,2017-09-06,Skinny
288,AS006,1,2017,MACKCC-U,CC,U,1,9.0,C,64,19070693.0,DITE,72.0,126.0,13.13,NONE,2017-09-06,Recap
289,AS006,1,2017,MACKCC-U,CC,U,1,9.0,C,79,19140173.0,DITE,76.0,134.0,14.42,NONE,2017-09-06,Slight bleeder
290,AS006,1,2017,MACKCC-U,CC,U,1,9.0,C,99,19072300.0,DITE,121.0,179.0,52.11,NONE,2017-09-06,"Recap, cut tail"
291,AS006,1,2017,MACKCC-U,CC,U,1,9.0,C,112,19140069.0,DITE,63.0,114.0,8.1,NONE,2017-09-06,Terrestrial
292,AS006,1,2017,MACKCC-U,CC,U,1,9.0,C,114,19139814.0,DITE,62.0,92.0,7.52,NONE,2017-09-06,Cut tail
293,AS006,1,2017,MACKCC-U,CC,U,1,9.0,C,115,19139299.0,DITE,64.0,99.0,8.47,NONE,2017-09-06,Cut tail
294,AS006,1,2017,MACKCC-U,CC,U,1,12.0,C,24,19099698.0,DITE,74.0,134.0,14.61,NONE,2017-09-06,Recap
295,AS006,1,2017,MACKCC-U,CC,U,1,12.0,C,25,19138248.0,DITE,125.0,211.0,53.5,NONE,2017-09-06,Terrestrial
296,AS006,1,2017,MACKCC-U,CC,U,2,9.0,C,36,19137955.0,DITE,64.0,119.0,9.36,NONE,2017-09-06,Slight bleeder
297,AS006,1,2017,MACKCC-U,CC,U,2,9.0,C,37,19135666.0,DITE,66.0,116.0,10.15,NONE,2017-09-06,Cut tail
298,AS006,1,2017,MACKCC-U,CC,U,2,11.0,P,8,19096445.0,DITE,74.0,136.0,15.7,NONE,2017-09-06,Recap
299,AS006,1,2017,MACKOG-L,OG,L,1,1.0,C,17,19136454.0,DITE,62.0,99.0,8.43,NONE,2017-09-07,Cut tail
300,AS006,1,2017,MACKOG-L,OG,L,1,2.0,P,6,16392652.0,DITE,61.0,103.0,8.18,NONE,2017-09-07,Cut tail
301,AS006,1,2017,MACKOG-L,OG,L,2,2.0,P,4,18577590.0,DITE,120.0,208.0,62.85,NONE,2017-09-07,Recap
302,AS006,1,2017,MACKOG-L,OG,L,2,3.0,C,24,19143049.0,DITE,65.0,107.0,9.92,NONE,2017-09-07,Cut tail
303,AS006,1,2017,MACKOG-L,OG,L,2,3.0,C,25,19141839.0,DITE,66.0,110.0,10.71,NONE,2017-09-07,"Cut tail, bleeder"
304,AS006,1,2017,MACKOG-M,OG,M,1,5.0,C,16,18575152.0,DITE,70.0,96.0,10.48,NONE,2017-09-07,"Recap, cut tail"
305,AS006,1,2017,MACKOG-M,OG,M,1,6.0,SC,23,18572791.0,DITE,66.0,116.0,10.02,NONE,2017-09-07,"Terrestrial, slight bleeder"
306,AS006,1,2017,MACKOG-M,OG,M,1,7.0,P,8,19093887.0,DITE,82.0,133.0,17.54,NONE,2017-09-07,Cut tail
307,AS006,1,2017,MACKOG-M,OG,M,1,11.0,C,57,19059117.0,DITE,65.0,109.0,8.64,NONE,2017-09-07,Cut tail
308,AS006,1,2017,MACKOG-M,OG,M,1,11.0,C,58,18561406.0,DITE,79.0,127.0,16.71,NONE,2017-09-07,Cut tail
309,AS006,1,2017,MACKOG-M,OG,M,1,11.0,C,59,19091497.0,DITE,63.0,105.0,8.21,NONE,2017-09-07,Cut tail
310,AS006,1,2017,MACKOG-M,OG,M,1,11.0,C,64,19079843.0,DITE,124.0,213.0,57.28,NONE,2017-09-07,Recap
311,AS006,1,2017,MACKOG-U,OG,U,1,12.0,P,13,19101538.0,DITE,63.0,100.0,8.63,NONE,2017-09-08,Cut tail
312,AS006,1,2017,MACKOG-U,OG,U,1,12.0,P,14,19073025.0,DITE,76.0,142.0,19.12,NONE,2017-09-08,Recap
313,AS006,1,2017,MACKOG-U,OG,U,1,14.0,C,27,19075951.0,DITE,68.0,123.0,11.2,NONE,2017-09-08,Recap
314,AS006,1,2017,MACKOG-U,OG,U,1,14.0,C,29,19059885.0,DITE,66.0,113.0,10.33,NONE,2017-09-08,Cut tail
315,AS006,1,2017,MACKOG-U,OG,U,1,16.0,C,44,19062544.0,DITE,60.0,97.0,6.69,NONE,2017-09-08,Cut tail
316,AS006,1,2017,MACKOG-U,OG,U,1,16.0,C,51,18576103.0,DITE,72.0,122.0,11.32,NONE,2017-09-08,Slight bleeder
317,AS006,1,2017,MACKOG-U,OG,U,1,16.0,C,52,18567769.0,DITE,66.0,113.0,10.15,NONE,2017-09-08,Cut tail
318,AS006,1,2017,MACKOG-U,OG,U,1,16.0,C,57,19052023.0,DITE,63.0,102.0,7.63,NONE,2017-09-08,Cut tail
319,AS006,1,2017,MACKOG-U,OG,U,1,16.0,C,58,19080221.0,DITE,132.0,212.0,58.02,NONE,2017-09-08,Notched tail
320,AS006,1,2017,MACKOG-U,OG,U,1,16.0,C,84,19094531.0,DITE,83.0,145.0,17.3,NONE,2017-09-08,Recap
321,AS006,1,2017,MACKOG-U,OG,U,2,12.0,P,6,19071093.0,DITE,63.0,108.0,7.72,NONE,2017-09-08,Cut tail
322,AS006,1,2017,MACKOG-U,OG,U,2,14.0,C,10,19104213.0,DITE,63.0,100.0,8.26,NONE,2017-09-08,Cut tail
323,AS006,1,2017,MACKOG-U,OG,U,2,16.0,C,20,19104156.0,DITE,61.0,105.0,7.36,NONE,2017-09-08,Cut tail
324,AS006,1,2018,MACKCC-L,CC,L,1,1.0,C,24,19097194.0,DITE,143.0,237.0,90.4,NONE,2018-09-04,recap
325,AS006,1,2018,MACKCC-L,CC,L,1,2.0,SC,13,19137612.0,ONCL,147.0,154.0,34.5,NONE,2018-09-04,recap
326,AS006,1,2018,MACKCC-L,CC,L,1,2.0,SC,27,19100269.0,ONCL,118.0,124.0,17.5,NONE,2018-09-04,recap
327,AS006,1,2018,MACKCC-L,CC,L,1,3.0,C,2,19133308.0,ONCL,137.0,144.0,28.2,NONE,2018-09-04,recap
328,AS006,1,2018,MACKCC-L,CC,L,1,3.0,C,12,18572757.0,ONCL,156.0,162.0,39.0,NONE,2018-09-04,recap
329,AS006,1,2018,MACKCC-L,CC,L,1,3.0,C,15,19062048.0,ONCL,134.0,142.0,24.0,NONE,2018-09-04,recap
330,AS006,1,2018,MACKCC-L,CC,L,1,3.0,C,16,26207039.0,ONCL,114.0,121.0,15.5,NONE,2018-09-04,recap
331,AS006,1,2018,MACKCC-L,CC,L,1,3.0,C,17,19094494.0,ONCL,122.0,128.0,18.6,NONE,2018-09-04,recap
332,AS006,1,2018,MACKCC-L,CC,L,1,3.0,C,39,405041.0,DITE,80.0,123.0,14.8,NONE,2018-09-04,missing left leg
333,AS006,1,2018,MACKCC-L,CC,L,2,3.0,C,11,19141341.0,ONCL,114.0,122.0,17.0,NONE,2018-09-04,recap
334,AS006,1,2018,MACKCC-L,CC,L,2,3.0,C,28,405138.0,DITE,94.0,148.0,18.0,NONE,2018-09-04,terrestrial
335,AS006,1,2018,MACKCC-M,CC,M,1,4.0,P,9,18565393.0,ONCL,113.0,119.0,14.9,NONE,2018-09-05,recap
336,AS006,1,2018,MACKCC-M,CC,M,1,4.0,P,10,19135020.0,ONCL,118.0,126.0,17.6,NONE,2018-09-05,recap
337,AS006,1,2018,MACKCC-M,CC,M,1,4.0,P,23,19142234.0,ONCL,123.0,131.0,19.1,NONE,2018-09-05,recap
338,AS006,1,2018,MACKCC-M,CC,M,1,4.0,P,27,405105.0,ONCL,91.0,96.0,7.1,NONE,2018-09-05,Dicamp bite
339,AS006,1,2018,MACKCC-M,CC,M,1,4.0,P,28,19056287.0,ONCL,148.0,153.0,29.2,NONE,2018-09-05,recap
340,AS006,1,2018,MACKCC-M,CC,M,1,4.0,P,34,19062048.0,ONCL,134.0,141.0,23.1,NONE,2018-09-05,recap
341,AS006,1,2018,MACKCC-M,CC,M,1,4.0,P,35,19053957.0,ONCL,128.0,135.0,23.1,NONE,2018-09-05,recap
342,AS006,1,2018,MACKCC-M,CC,M,1,4.0,P,38,19134034.0,DITE,74.0,135.0,13.6,NONE,2018-09-05,recap
343,AS006,1,2018,MACKCC-M,CC,M,1,5.0,C,17,19138259.0,ONCL,148.0,156.0,37.9,NONE,2018-09-05,recap
344,AS006,1,2018,MACKCC-M,CC,M,1,5.0,C,18,19138107.0,ONCL,128.0,136.0,23.2,NONE,2018-09-05,recap
345,AS006,1,2018,MACKCC-M,CC,M,1,5.0,C,23,18540806.0,ONCL,134.0,142.0,26.5,NONE,2018-09-05,recap
346,AS006,1,2018,MACKCC-M,CC,M,1,5.0,C,25,18574330.0,ONCL,164.0,173.0,42.8,NONE,2018-09-05,recap
347,AS006,1,2018,MACKCC-M,CC,M,1,5.0,C,28,19132562.0,ONCL,128.0,136.0,19.4,NONE,2018-09-05,recap
348,AS006,1,2018,MACKCC-M,CC,M,1,5.0,C,30,19135128.0,ONCL,138.0,146.0,26.4,NONE,2018-09-05,recap
349,AS006,1,2018,MACKCC-M,CC,M,1,5.0,C,34,19137178.0,ONCL,119.0,126.0,17.7,NONE,2018-09-05,recap
350,AS006,1,2018,MACKCC-M,CC,M,1,5.0,C,36,6182823.0,DITE,117.0,197.0,51.3,NONE,2018-09-05,recap
351,AS006,1,2018,MACKCC-M,CC,M,1,5.0,C,37,19133543.0,DITE,76.0,134.0,15.9,NONE,2018-09-05,recap
352,AS006,1,2018,MACKCC-M,CC,M,1,5.0,C,38,19140432.0,DITE,74.0,123.0,14.6,NONE,2018-09-05,recap
353,AS006,1,2018,MACKCC-M,CC,M,1,5.0,C,40,19133964.0,ONCL,119.0,126.0,18.6,NONE,2018-09-05,recap
354,AS006,1,2018,MACKCC-M,CC,M,1,5.0,C,42,18571996.0,ONCL,125.0,132.0,20.0,NONE,2018-09-05,recap
355,AS006,1,2018,MACKCC-M,CC,M,1,5.0,C,45,18572878.0,ONCL,128.0,136.0,21.3,NONE,2018-09-05,recap
356,AS006,1,2018,MACKCC-M,CC,M,1,6.0,P,7,18576113.0,ONCL,153.0,160.0,36.9,NONE,2018-09-05,recap
357,AS006,1,2018,MACKCC-M,CC,M,1,6.0,P,8,19139105.0,ONCL,123.0,130.0,20.0,NONE,2018-09-05,recap
358,AS006,1,2018,MACKCC-M,CC,M,1,6.0,P,9,19136631.0,ONCL,125.0,132.0,19.8,NONE,2018-09-05,recap
359,AS006,1,2018,MACKCC-M,CC,M,1,6.0,P,10,19134195.0,ONCL,115.0,122.0,15.6,NONE,2018-09-05,recap
360,AS006,1,2018,MACKCC-M,CC,M,1,8.0,P,4,19138842.0,ONCL,116.0,122.0,15.5,NONE,2018-09-05,recap
361,AS006,1,2018,MACKCC-M,CC,M,1,8.0,P,5,19132795.0,ONCL,124.0,130.0,19.8,NONE,2018-09-05,recap
362,AS006,1,2018,MACKCC-M,CC,M,1,9.0,C,3,18567983.0,ONCL,192.0,201.0,74.6,NONE,2018-09-05,recap
363,AS006,1,2018,MACKCC-M,CC,M,1,9.0,C,4,18576931.0,ONCL,146.0,153.0,32.5,NONE,2018-09-05,recap
364,AS006,1,2018,MACKCC-M,CC,M,1,9.0,C,9,19134637.0,DITE,113.0,120.0,16.8,NONE,2018-09-05,Recap-predator marks
365,AS006,1,2018,MACKCC-M,CC,M,1,9.0,C,10,19140769.0,DITE,116.0,123.0,15.5,NONE,2018-09-05,recap
366,AS006,1,2018,MACKCC-M,CC,M,2,4.0,P,5,405012.0,ONCL,90.0,96.0,8.0,NONE,2018-09-05,day 1 recap?
367,AS006,1,2018,MACKCC-M,CC,M,2,7.0,SC,4,19070693.0,DITE,82.0,141.0,16.0,NONE,2018-09-05,Recap terrestrial
368,AS006,1,2018,MACKCC-M,CC,M,2,9.0,C,1,19132945.0,ONCL,129.0,137.0,23.1,NONE,2018-09-05,recap
369,AS006,1,2018,MACKCC-M,CC,M,2,9.0,C,2,405011.0,DITE,74.0,133.0,13.8,NONE,2018-09-05,missing back L leg
370,AS006,1,2018,MACKCC-U,CC,U,1,9.0,C,11,19133546.0,ONCL,121.0,128.0,18.0,NONE,2018-09-05,recap
371,AS006,1,2018,MACKCC-U,CC,U,1,9.0,C,12,19140769.0,ONCL,116.0,123.0,15.5,NONE,2018-09-05,recap
372,AS006,1,2018,MACKCC-U,CC,U,1,9.0,C,23,405229.0,DITE,84.0,126.0,16.9,NONE,2018-09-05,terrestrial
373,AS006,1,2018,MACKCC-U,CC,U,1,9.0,C,25,405018.0,DITE,84.0,146.0,15.6,NONE,2018-09-05,terrestrial
374,AS006,1,2018,MACKCC-U,CC,U,1,9.0,C,57,19134680.0,ONCL,118.0,124.0,17.2,NONE,2018-09-05,recap
375,AS006,1,2018,MACKCC-U,CC,U,1,9.0,C,59,19133406.0,ONCL,122.0,128.0,19.3,NONE,2018-09-05,recap
376,AS006,1,2018,MACKCC-U,CC,U,1,9.0,C,74,19136433.0,DITE,77.0,127.0,14.2,NONE,2018-09-05,recap
377,AS006,1,2018,MACKCC-U,CC,U,1,9.0,C,77,18563265.0,ONCL,133.0,141.0,23.8,NONE,2018-09-05,recap
378,AS006,1,2018,MACKCC-U,CC,U,1,11.0,P,7,19135930.0,ONCL,125.0,131.0,20.0,NONE,2018-09-05,recap
379,AS006,1,2018,MACKCC-U,CC,U,1,11.0,P,8,19135702.0,ONCL,126.0,134.0,19.2,NONE,2018-09-05,recap
380,AS006,1,2018,MACKCC-U,CC,U,1,12.0,C,7,19140283.0,ONCL,137.0,145.0,26.3,NONE,2018-09-05,recap
381,AS006,1,2018,MACKCC-U,CC,U,1,12.0,C,10,19133900.0,ONCL,141.0,150.0,27.1,NONE,2018-09-05,recap
382,AS006,1,2018,MACKCC-U,CC,U,1,12.0,C,11,19132341.0,ONCL,112.0,124.0,17.0,NONE,2018-09-05,recap
383,AS006,1,2018,MACKCC-U,CC,U,1,12.0,C,12,19136874.0,ONCL,107.0,113.0,12.2,NONE,2018-09-05,recap
384,AS006,1,2018,MACKCC-U,CC,U,2,9.0,C,8,405054.0,ONCL,93.0,96.0,9.0,NONE,2018-09-05,Recap from day 1
385,AS006,1,2018,MACKCC-U,CC,U,2,9.0,C,9,19140782.0,ONCL,105.0,110.0,13.3,NONE,2018-09-05,recap
386,AS006,1,2018,MACKCC-U,CC,U,2,11.0,P,4,18569915.0,DITE,115.0,206.0,57.4,NONE,2018-09-05,RECAP
387,AS006,1,2018,MACKOG-L,OG,L,1,1.0,C,8,19139398.0,ONCL,104.0,110.0,11.5,NONE,2018-09-06,recap
388,AS006,1,2018,MACKOG-L,OG,L,1,2.0,P,5,19142252.0,ONCL,103.0,108.0,11.0,NONE,2018-09-06,recap
389,AS006,1,2018,MACKOG-L,OG,L,1,3.0,C,5,19079883.0,ONCL,122.0,129.0,20.7,NONE,2018-09-06,recap
390,AS006,1,2018,MACKOG-L,OG,L,1,3.0,C,6,19139093.0,ONCL,94.0,98.0,8.1,NONE,2018-09-06,recap
391,AS006,1,2018,MACKOG-L,OG,L,1,3.0,C,20,19139070.0,ONCL,101.0,108.0,10.3,NONE,2018-09-06,recap
392,AS006,1,2018,MACKOG-L,OG,L,1,3.0,C,23,19133651.0,ONCL,97.0,103.0,8.9,NONE,2018-09-06,recap
393,AS006,1,2018,MACKOG-L,OG,L,1,3.0,C,25,19134893.0,ONCL,97.0,104.0,8.8,NONE,2018-09-06,recap
394,AS006,1,2018,MACKOG-L,OG,L,1,3.0,C,27,19137936.0,ONCL,101.0,107.0,10.6,NONE,2018-09-06,recap
395,AS006,1,2018,MACKOG-L,OG,L,1,3.0,C,29,19059561.0,ONCL,113.0,119.0,15.0,NONE,2018-09-06,recap
396,AS006,1,2018,MACKOG-L,OG,L,1,3.0,C,33,18563312.0,ONCL,109.0,116.0,12.6,NONE,2018-09-06,recap
397,AS006,1,2018,MACKOG-L,OG,L,1,3.0,C,36,19058842.0,ONCL,103.0,108.0,10.8,NONE,2018-09-06,recap
398,AS006,1,2018,MACKOG-L,OG,L,1,3.0,C,43,405381.0,DITE,68.0,124.0,11.8,NONE,2018-09-06,terrestrial
399,AS006,1,2018,MACKOG-L,OG,L,1,3.0,C,45,19098534.0,DITE,68.0,113.0,9.5,NONE,2018-09-06,"Recap, cut tail"
400,AS006,1,2018,MACKOG-L,OG,L,1,3.0,C,46,19136287.0,DITE,72.0,129.0,11.9,NONE,2018-09-06,Recap- rear L leg missing
401,AS006,1,2018,MACKOG-L,OG,L,1,3.0,C,48,405453.0,DITE,63.0,106.0,8.2,NONE,2018-09-06,Cut tail
402,AS006,1,2018,MACKOG-L,OG,L,1,3.0,C,49,405351.0,DITE,65.0,115.0,9.2,NONE,2018-09-06,Cut tail
403,AS006,1,2018,MACKOG-L,OG,L,1,3.0,C,50,405164.0,DITE,103.0,177.0,29.0,NONE,2018-09-06,Cut tail
404,AS006,1,2018,MACKOG-L,OG,L,1,4.0,P,1,405264.0,ONCL,84.0,88.0,6.6,NONE,2018-09-06,Cut tail
405,AS006,1,2018,MACKOG-L,OG,L,1,4.0,P,2,19140662.0,ONCL,172.0,181.0,56.9,NONE,2018-09-06,Cut tail
406,AS006,1,2018,MACKOG-L,OG,L,1,4.0,P,3,405448.0,ONCL,120.0,126.0,16.6,NONE,2018-09-06,Cut tail
407,AS006,1,2018,MACKOG-L,OG,L,1,4.0,P,4,405317.0,ONCL,115.0,122.0,15.9,NONE,2018-09-06,Cut tail
408,AS006,1,2018,MACKOG-L,OG,L,1,4.0,P,5,19137543.0,ONCL,106.0,113.0,12.5,NONE,2018-09-06,Cut tail
409,AS006,1,2018,MACKOG-L,OG,L,1,4.0,P,6,19139465.0,ONCL,102.0,108.0,10.6,NONE,2018-09-06,Cut tail
410,AS006,1,2018,MACKOG-L,OG,L,1,4.0,P,7,19092446.0,ONCL,100.0,106.0,10.0,NONE,2018-09-06,Cut tail
411,AS006,1,2018,MACKOG-L,OG,L,1,4.0,P,8,405438.0,ONCL,84.0,88.0,6.0,NONE,2018-09-06,Cut tail
412,AS006,1,2018,MACKOG-L,OG,L,1,4.0,P,9,19098879.0,ONCL,115.0,122.0,16.1,NONE,2018-09-06,Cut tail
413,AS006,1,2018,MACKOG-L,OG,L,1,4.0,P,10,405134.0,ONCL,116.0,121.0,15.6,NONE,2018-09-06,Cut tail
414,AS006,1,2018,MACKOG-L,OG,L,1,4.0,P,11,405393.0,ONCL,77.0,81.0,4.4,NONE,2018-09-06,Cut tail
415,AS006,1,2018,MACKOG-L,OG,L,1,4.0,P,15,405387.0,DITE,60.0,108.0,7.5,NONE,2018-09-06,Cut tail
416,AS006,1,2018,MACKOG-L,OG,L,1,4.0,P,16,6155395.0,DITE,144.0,234.0,97.2,NONE,2018-09-06,Cut tail
417,AS006,1,2018,MACKOG-L,OG,L,2,1.0,C,4,405489.0,DITE,67.0,110.0,10.9,NONE,2018-09-06,Cut tail
418,AS006,1,2018,MACKOG-L,OG,L,2,3.0,C,12,405468.0,DITE,158.0,260.0,106.2,NONE,2018-09-06,terrestrial
419,AS006,1,2018,MACKOG-M,OG,M,1,5.0,C,2,19133983.0,ONCL,98.0,105.0,11.6,NONE,2018-09-06,recap
420,AS006,1,2018,MACKOG-M,OG,M,1,5.0,C,4,19137120.0,ONCL,117.0,123.0,15.6,NONE,2018-09-06,recap
421,AS006,1,2018,MACKOG-M,OG,M,1,5.0,C,11,405475.0,DITE,63.0,113.0,7.6,NONE,2018-09-06,missing hind L leg
422,AS006,1,2018,MACKOG-M,OG,M,1,6.0,SC,2,19054138.0,ONCL,116.0,123.0,17.7,NONE,2018-09-06,recap
423,AS006,1,2018,MACKOG-M,OG,M,1,6.0,SC,3,19142247.0,ONCL,112.0,118.0,13.6,NONE,2018-09-06,recap
424,AS006,1,2018,MACKOG-M,OG,M,1,6.0,SC,4,19103201.0,ONCL,129.0,137.0,23.1,NONE,2018-09-06,recap
425,AS006,1,2018,MACKOG-M,OG,M,1,6.0,SC,10,19138775.0,ONCL,107.0,112.0,12.1,NONE,2018-09-06,recap
426,AS006,1,2018,MACKOG-M,OG,M,1,6.0,SC,18,405292.0,DITE,60.0,105.0,6.7,NONE,2018-09-06,Cut tail
427,AS006,1,2018,MACKOG-M,OG,M,1,7.0,P,4,19134068.0,ONCL,107.0,113.0,11.4,NONE,2018-09-06,recap
428,AS006,1,2018,MACKOG-M,OG,M,1,10.0,SC,20,405291.0,DITE,66.0,116.0,10.6,NONE,2018-09-06,Cut tail
429,AS006,1,2018,MACKOG-M,OG,M,1,10.0,SC,26,405421.0,DITE,69.0,107.0,8.9,NONE,2018-09-06,Cut tail
430,AS006,1,2018,MACKOG-M,OG,M,1,10.0,SC,30,405407.0,DITE,64.0,110.0,8.0,NONE,2018-09-06,Cut tail
431,AS006,1,2018,MACKOG-M,OG,M,1,11.0,C,5,19091619.0,ONCL,134.0,142.0,25.3,NONE,2018-09-06,recap
432,AS006,1,2018,MACKOG-M,OG,M,1,11.0,C,15,19079226.0,ONCL,110.0,116.0,13.2,NONE,2018-09-06,recap
433,AS006,1,2018,MACKOG-M,OG,M,1,11.0,C,38,405363.0,DITE,82.0,135.0,14.8,NONE,2018-09-06,terrestrial
434,AS006,1,2018,MACKOG-M,OG,M,1,11.0,C,39,19073025.0,DITE,98.0,163.0,24.7,NONE,2018-09-06,recap
435,AS006,1,2018,MACKOG-M,OG,M,1,11.0,C,40,18566426.0,DITE,84.0,140.0,15.6,NONE,2018-09-06,recap
436,AS006,1,2018,MACKOG-M,OG,M,1,11.0,C,41,405357.0,DITE,72.0,116.0,10.7,NONE,2018-09-06,Cut tail
437,AS006,1,2018,MACKOG-M,OG,M,1,11.0,C,45,405456.0,DITE,60.0,111.0,8.4,NONE,2018-09-06,mort
438,AS006,1,2018,MACKOG-M,OG,M,2,6.0,SC,1,19138778.0,ONCL,100.0,105.0,10.5,NONE,2018-09-06,recap
439,AS006,1,2018,MACKOG-M,OG,M,2,6.0,SC,2,19141795.0,ONCL,114.0,121.0,15.1,NONE,2018-09-06,recap
440,AS006,1,2018,MACKOG-M,OG,M,2,11.0,C,16,405386.0,DITE,69.0,123.0,10.1,NONE,2018-09-06,terrestrial
441,AS006,1,2018,MACKOG-U,OG,U,1,12.0,P,14,19096451.0,ONCL,105.0,111.0,12.2,NONE,2018-09-07,recap
442,AS006,1,2018,MACKOG-U,OG,U,1,12.0,P,18,405303.0,DITE,32.0,54.0,1.7,NONE,2018-09-07,Cut tail
443,AS006,1,2018,MACKOG-U,OG,U,1,12.0,P,19,405303.0,DITE,63.0,104.0,8.2,NONE,2018-09-07,Cut tail
444,AS006,1,2018,MACKOG-U,OG,U,1,14.0,C,3,19073357.0,ONCL,132.0,140.0,24.3,NONE,2018-09-07,recap
445,AS006,1,2018,MACKOG-U,OG,U,1,14.0,C,4,19080197.0,ONCL,120.0,127.0,19.5,NONE,2018-09-07,recap
446,AS006,1,2018,MACKOG-U,OG,U,1,14.0,C,6,405274.0,ONCL,125.0,125.0,22.9,NONE,2018-09-07,missing tail
447,AS006,1,2018,MACKOG-U,OG,U,1,14.0,C,13,18577747.0,DITE,87.0,147.0,19.7,NONE,2018-09-07,recap
448,AS006,1,2018,MACKOG-U,OG,U,1,14.0,C,14,405321.0,DITE,164.0,260.0,106.3,NONE,2018-09-07,terrestrial
449,AS006,1,2018,MACKOG-U,OG,U,1,15.0,P,5,19103587.0,ONCL,118.0,126.0,17.4,NONE,2018-09-07,recap
450,AS006,1,2018,MACKOG-U,OG,U,1,15.0,P,8,18556316.0,ONCL,109.0,115.0,14.3,NONE,2018-09-07,recap
451,AS006,1,2018,MACKOG-U,OG,U,1,16.0,C,7,19062798.0,ONCL,117.0,122.0,16.2,NONE,2018-09-07,recap
452,AS006,1,2018,MACKOG-U,OG,U,1,16.0,C,10,19101335.0,ONCL,120.0,127.0,18.3,NONE,2018-09-07,recap
453,AS006,1,2018,MACKOG-U,OG,U,1,16.0,C,12,19100494.0,ONCL,109.0,115.0,13.7,NONE,2018-09-07,recap
454,AS006,1,2018,MACKOG-U,OG,U,1,16.0,C,13,19104182.0,ONCL,114.0,120.0,14.4,NONE,2018-09-07,recap
455,AS006,1,2018,MACKOG-U,OG,U,1,16.0,C,15,19091539.0,ONCL,132.0,140.0,24.6,NONE,2018-09-07,recap
456,AS006,1,2018,MACKOG-U,OG,U,1,16.0,C,35,18570447.0,DITE,132.0,216.0,67.5,NONE,2018-09-07,recap
457,AS006,1,2018,MACKOG-U,OG,U,1,16.0,C,39,405493.0,DITE,68.0,96.0,7.6,NONE,2018-09-07,Cut tail
458,AS006,1,2018,MACKOG-U,OG,U,1,16.0,C,42,405435.0,DITE,64.0,111.0,8.6,NONE,2018-09-07,Cut tail
459,AS006,1,2018,MACKOG-U,OG,U,2,16.0,C,22,19096478.0,DITE,72.0,125.0,11.7,NONE,2018-09-07,recap
460,AS006,1,2019,MACKCC-L,CC,L,1,1.0,C,5,1044073.0,ONCL,160.0,168.0,42.2,NONE,2019-09-03,"""tag # format changed"""
461,AS006,1,2019,MACKCC-L,CC,L,1,1.0,C,12,405106.0,DITE,73.0,138.0,16.1,NONE,2019-09-03,Recap
462,AS006,1,2019,MACKCC-L,CC,L,1,1.0,C,14,1044080.0,DITE,77.0,113.0,14.6,NONE,2019-09-03,Cut tail
463,AS006,1,2019,MACKCC-L,CC,L,1,1.0,C,16,1044070.0,DITE,63.0,107.0,10.1,NONE,2019-09-03,Cut tail
464,AS006,1,2019,MACKCC-L,CC,L,1,1.0,C,17,405118.0,ONCL,108.0,115.0,13.0,NONE,2019-09-03,Recap
465,AS006,1,2019,MACKCC-L,CC,L,1,1.0,C,18,405088.0,ONCL,118.0,126.0,16.9,NONE,2019-09-03,Recap
466,AS006,1,2019,MACKCC-L,CC,L,1,1.0,C,20,405045.0,ONCL,119.0,126.0,18.4,NONE,2019-09-03,Recap
467,AS006,1,2019,MACKCC-L,CC,L,1,1.0,C,22,405206.0,ONCL,113.0,120.0,16.2,NONE,2019-09-03,Recap
468,AS006,1,2019,MACKCC-L,CC,L,1,2.0,SC,23,9133966.0,DITE,140.0,228.0,73.2,NONE,2019-09-03,Recap
469,AS006,1,2019,MACKCC-L,CC,L,1,2.0,SC,26,8570670.0,DITE,78.0,132.0,16.6,NONE,2019-09-03,Recap
470,AS006,1,2019,MACKCC-L,CC,L,1,2.0,SC,40,1044065.0,DITE,62.0,110.0,8.4,NONE,2019-09-03,Cut tail
471,AS006,1,2019,MACKCC-L,CC,L,1,3.0,C,16,405085.0,ONCL,106.0,112.0,14.2,NONE,2019-09-03,Recap
472,AS006,1,2019,MACKCC-L,CC,L,1,3.0,C,20,405240.0,ONCL,110.0,117.0,14.8,NONE,2019-09-03,Recap
473,AS006,1,2019,MACKCC-L,CC,L,1,3.0,C,44,1044015.0,DITE,68.0,105.0,11.2,NONE,2019-09-03,Cut tail
474,AS006,1,2019,MACKCC-L,CC,L,1,3.0,C,45,6194757.0,DITE,124.0,202.0,44.5,NONE,2019-09-03,Recap
475,AS006,1,2019,MACKCC-L,CC,L,2,1.0,C,10,405215.0,DITE,74.0,122.0,13.4,NONE,2019-09-03,"Cut tail, Recap"
476,AS006,1,2019,MACKCC-M,CC,M,1,4.0,P,1,62048.0,ONCL,134.0,141.0,22.3,NONE,2019-09-03,Recap
477,AS006,1,2019,MACKCC-M,CC,M,1,4.0,P,2,405126.0,ONCL,122.0,131.0,19.2,NONE,2019-09-03,Recap
478,AS006,1,2019,MACKCC-M,CC,M,1,4.0,P,3,8572757.0,ONCL,166.0,175.0,45.8,NONE,2019-09-03,Recap
479,AS006,1,2019,MACKCC-M,CC,M,1,4.0,P,4,8565393.0,ONCL,121.0,129.0,17.7,NONE,2019-09-03,Recap
480,AS006,1,2019,MACKCC-M,CC,M,1,4.0,P,5,405132.0,ONCL,103.0,110.0,12.2,NONE,2019-09-03,Recap
481,AS006,1,2019,MACKCC-M,CC,M,1,4.0,P,8,1043810.0,ONCL,133.0,141.0,23.6,NONE,2019-09-03,Tag ejected
482,AS006,1,2019,MACKCC-M,CC,M,1,4.0,P,10,405034.0,ONCL,110.0,117.0,15.3,NONE,2019-09-03,Recap
483,AS006,1,2019,MACKCC-M,CC,M,1,4.0,P,18,405125.0,ONCL,119.0,125.0,17.0,NONE,2019-09-03,Recap
484,AS006,1,2019,MACKCC-M,CC,M,1,4.0,P,19,405135.0,ONCL,107.0,114.0,13.6,NONE,2019-09-03,Recap
485,AS006,1,2019,MACKCC-M,CC,M,1,4.0,P,24,405105.0,ONCL,104.0,110.0,11.6,NONE,2019-09-03,Recap
486,AS006,1,2019,MACKCC-M,CC,M,1,5.0,C,5,9138107.0,ONCL,147.0,156.0,34.8,NONE,2019-09-03,Recap
487,AS006,1,2019,MACKCC-M,CC,M,1,5.0,C,6,9135128.0,ONCL,148.0,156.0,32.5,NONE,2019-09-03,Recap
488,AS006,1,2019,MACKCC-M,CC,M,1,5.0,C,7,9139127.0,ONCL,136.0,144.0,24.4,NONE,2019-09-03,Recap
489,AS006,1,2019,MACKCC-M,CC,M,1,5.0,C,8,405203.0,ONCL,113.0,121.0,14.9,NONE,2019-09-03,Recap
490,AS006,1,2019,MACKCC-M,CC,M,1,5.0,C,9,9134680.0,ONCL,128.0,136.0,21.9,NONE,2019-09-03,Recap
491,AS006,1,2019,MACKCC-M,CC,M,1,5.0,C,10,405182.0,ONCL,110.0,117.0,14.3,NONE,2019-09-03,Recap
492,AS006,1,2019,MACKCC-M,CC,M,1,5.0,C,11,405139.0,ONCL,110.0,117.0,13.8,NONE,2019-09-03,Recap
493,AS006,1,2019,MACKCC-M,CC,M,1,5.0,C,34,405453.0,DITE,68.0,120.0,9.8,NONE,2019-09-03,"Terrestrial, Recap"
494,AS006,1,2019,MACKCC-M,CC,M,1,6.0,P,1,405214.0,ONCL,123.0,131.0,18.9,NONE,2019-09-03,Recap
495,AS006,1,2019,MACKCC-M,CC,M,1,6.0,P,2,405247.0,ONCL,115.0,122.0,16.9,NONE,2019-09-03,Recap
496,AS006,1,2019,MACKCC-M,CC,M,1,6.0,P,3,405089.0,ONCL,104.0,110.0,12.0,NONE,2019-09-03,Recap
497,AS006,1,2019,MACKCC-M,CC,M,1,6.0,P,10,1043878.0,DITE,137.0,202.0,62.0,NONE,2019-09-03,Cut tail
498,AS006,1,2019,MACKCC-M,CC,M,1,8.0,P,2,8567983.0,ONCL,195.0,204.0,71.6,NONE,2019-09-03,Recap
499,AS006,1,2019,MACKCC-M,CC,M,1,8.0,P,3,405053.0,ONCL,137.0,145.0,25.6,NONE,2019-09-03,Recap
500,AS006,1,2019,MACKCC-M,CC,M,1,8.0,P,4,405464.0,ONCL,103.0,109.0,12.2,NONE,2019-09-03,Recap
501,AS006,1,2019,MACKCC-M,CC,M,1,8.0,P,6,9132795.0,ONCL,129.0,137.0,21.5,NONE,2019-09-03,Recap
502,AS006,1,2019,MACKCC-M,CC,M,1,8.0,P,11,1043839.0,DITE,67.0,113.0,10.2,NONE,2019-09-03,Cut tail
503,AS006,1,2019,MACKCC-M,CC,M,1,9.0,C,2,9138842.0,ONCL,133.0,141.0,22.6,NONE,2019-09-03,Recap
504,AS006,1,2019,MACKCC-M,CC,M,1,9.0,C,11,1043885.0,DITE,60.0,85.0,7.8,NONE,2019-09-03,Cut tail
505,AS006,1,2019,MACKCC-M,CC,M,2,4.0,P,2,405036.0,ONCL,111.0,117.0,13.6,NONE,2019-09-03,Recap
506,AS006,1,2019,MACKCC-M,CC,M,2,5.0,C,4,405226.0,ONCL,107.0,114.0,14.0,NONE,2019-09-03,Recap
507,AS006,1,2019,MACKCC-U,CC,U,1,9.0,C,3,405052.0,ONCL,101.0,107.0,10.8,NONE,2019-09-04,Recap
508,AS006,1,2019,MACKCC-U,CC,U,1,9.0,C,5,405037.0,ONCL,104.0,110.0,11.0,NONE,2019-09-04,Recap
509,AS006,1,2019,MACKCC-U,CC,U,1,9.0,C,26,1043881.0,DITE,107.0,172.0,40.0,NONE,2019-09-04,"Cut tail, Terrestrial"
510,AS006,1,2019,MACKCC-U,CC,U,1,9.0,C,29,1043828.0,DITE,73.0,122.0,12.2,NONE,2019-09-04,Cut tail
511,AS006,1,2019,MACKCC-U,CC,U,1,9.0,C,31,1043808.0,DITE,63.0,108.0,9.6,NONE,2019-09-04,Cut tail
512,AS006,1,2019,MACKCC-U,CC,U,1,9.0,C,36,1043817.0,DITE,64.0,112.0,11.1,NONE,2019-09-04,Cut tail
513,AS006,1,2019,MACKCC-U,CC,U,1,9.0,C,60,405148.0,ONCL,114.0,120.0,15.7,NONE,2019-09-04,Recap
514,AS006,1,2019,MACKCC-U,CC,U,1,9.0,C,65,405222.0,ONCL,125.0,134.0,20.6,NONE,2019-09-04,Recap
515,AS006,1,2019,MACKCC-U,CC,U,1,9.0,C,66,9133748.0,ONCL,130.0,138.0,22.6,NONE,2019-09-04,Recap
516,AS006,1,2019,MACKCC-U,CC,U,1,9.0,C,67,405070.0,ONCL,103.0,109.0,13.3,NONE,2019-09-04,Recap
517,AS006,1,2019,MACKCC-U,CC,U,1,9.0,C,68,405022.0,ONCL,95.0,100.0,9.6,NONE,2019-09-04,Recap
518,AS006,1,2019,MACKCC-U,CC,U,1,9.0,C,76,405232.0,ONCL,102.0,107.0,10.5,NONE,2019-09-04,Recap
519,AS006,1,2019,MACKCC-U,CC,U,1,11.0,P,7,405068.0,ONCL,110.0,117.0,14.3,NONE,2019-09-04,Recap
520,AS006,1,2019,MACKCC-U,CC,U,1,11.0,P,12,405109.0,ONCL,98.0,104.0,11.0,NONE,2019-09-04,Recap
521,AS006,1,2019,MACKCC-U,CC,U,1,12.0,C,3,9142768.0,ONCL,176.0,183.0,44.7,NONE,2019-09-04,Recap
522,AS006,1,2019,MACKCC-U,CC,U,1,12.0,C,6,405155.0,ONCL,117.0,124.0,17.3,NONE,2019-09-04,Recap
523,AS006,1,2019,MACKCC-U,CC,U,1,12.0,C,7,405163.0,ONCL,112.0,118.0,15.0,NONE,2019-09-04,Recap
524,AS006,1,2019,MACKCC-U,CC,U,1,12.0,C,9,405216.0,ONCL,96.0,103.0,8.8,NONE,2019-09-04,Recap
525,AS006,1,2019,MACKCC-U,CC,U,2,9.0,C,6,405142.0,ONCL,105.0,111.0,11.9,NONE,2019-09-04,Recap
526,AS006,1,2019,MACKCC-U,CC,U,2,9.0,C,8,405178.0,ONCL,115.0,121.0,14.9,NONE,2019-09-04,Recap
527,AS006,1,2019,MACKCC-U,CC,U,2,9.0,C,24,1043922.0,DITE,66.0,98.0,9.1,NONE,2019-09-04,Cut tail
528,AS006,1,2019,MACKCC-U,CC,U,2,12.0,C,7,405231.0,DITE,76.0,137.0,14.8,NONE,2019-09-04,Recap
529,AS006,1,2019,MACKOG-L,OG,L,1,1.0,C,3,9137936.0,ONCL,113.0,120.0,15.8,NONE,2019-09-04,Recap
530,AS006,1,2019,MACKOG-L,OG,L,1,2.0,P,1,405195.0,ONCL,138.0,146.0,28.4,NONE,2019-09-04,Recap
531,AS006,1,2019,MACKOG-L,OG,L,1,2.0,P,2,405145.0,ONCL,102.0,109.0,10.9,NONE,2019-09-04,Recap
532,AS006,1,2019,MACKOG-L,OG,L,1,2.0,P,3,405167.0,ONCL,112.0,119.0,15.0,NONE,2019-09-04,Recap
533,AS006,1,2019,MACKOG-L,OG,L,1,2.0,P,4,9142252.0,ONCL,113.0,119.0,14.0,NONE,2019-09-04,Recap
534,AS006,1,2019,MACKOG-L,OG,L,1,2.0,P,5,405116.0,ONCL,96.0,102.0,8.3,NONE,2019-09-04,Recap
535,AS006,1,2019,MACKOG-L,OG,L,1,2.0,P,12,1043916.0,DITE,72.0,112.0,12.1,NONE,2019-09-04,Cut tail
536,AS006,1,2019,MACKOG-L,OG,L,1,3.0,C,9,9059561.0,ONCL,127.0,135.0,21.4,NONE,2019-09-04,Recap
537,AS006,1,2019,MACKOG-L,OG,L,1,3.0,C,10,9079883.0,ONCL,136.0,145.0,29.1,NONE,2019-09-04,Recap
538,AS006,1,2019,MACKOG-L,OG,L,1,3.0,C,11,9139070.0,ONCL,108.0,116.0,12.5,NONE,2019-09-04,Recap
539,AS006,1,2019,MACKOG-L,OG,L,1,3.0,C,13,9139093.0,ONCL,100.0,106.0,10.1,NONE,2019-09-04,Recap
540,AS006,1,2019,MACKOG-L,OG,L,1,3.0,C,14,405467.0,ONCL,92.0,98.0,7.9,NONE,2019-09-04,Recap
541,AS006,1,2019,MACKOG-L,OG,L,1,3.0,C,15,405084.0,ONCL,127.0,135.0,20.0,NONE,2019-09-04,Recap
542,AS006,1,2019,MACKOG-L,OG,L,1,3.0,C,16,405347.0,ONCL,95.0,102.0,9.5,NONE,2019-09-04,Recap
543,AS006,1,2019,MACKOG-L,OG,L,1,3.0,C,17,9134893.0,ONCL,110.0,116.0,14.0,NONE,2019-09-04,Recap
544,AS006,1,2019,MACKOG-L,OG,L,1,3.0,C,18,405233.0,ONCL,104.0,111.0,11.6,NONE,2019-09-04,Recap
545,AS006,1,2019,MACKOG-L,OG,L,1,3.0,C,19,405285.0,ONCL,100.0,106.0,10.2,NONE,2019-09-04,Recap
546,AS006,1,2019,MACKOG-L,OG,L,1,3.0,C,20,9133651.0,ONCL,109.0,115.0,13.4,NONE,2019-09-04,Recap
547,AS006,1,2019,MACKOG-L,OG,L,1,3.0,C,38,1043942.0,DITE,78.0,129.0,16.7,NONE,2019-09-04,Cut tail
548,AS006,1,2019,MACKOG-L,OG,L,1,3.0,C,43,1043934.0,DITE,71.0,113.0,11.1,NONE,2019-09-04,Cut tail
549,AS006,1,2019,MACKOG-L,OG,L,1,3.0,C,45,1043952.0,DITE,61.0,106.0,8.3,NONE,2019-09-04,Cut tail
550,AS006,1,2019,MACKOG-L,OG,L,1,3.0,C,47,1043918.0,DITE,62.0,110.0,8.6,NONE,2019-09-04,Cut tail
551,AS006,1,2019,MACKOG-L,OG,L,1,3.0,C,48,1043930.0,DITE,172.0,284.0,117.8,NONE,2019-09-04,Terrestrial
552,AS006,1,2019,MACKOG-L,OG,L,1,4.0,P,1,9139465.0,ONCL,114.0,120.0,15.3,NONE,2019-09-04,Recap
553,AS006,1,2019,MACKOG-L,OG,L,1,4.0,P,5,405264.0,ONCL,98.0,104.0,10.9,NONE,2019-09-04,Recap
554,AS006,1,2019,MACKOG-L,OG,L,1,4.0,P,6,405438.0,ONCL,95.0,101.0,8.8,NONE,2019-09-04,Recap
555,AS006,1,2019,MACKOG-L,OG,L,2,1.0,C,2,9099822.0,ONCL,117.0,124.0,17.0,NONE,2019-09-04,Recap
556,AS006,1,2019,MACKOG-L,OG,L,2,1.0,C,3,405332.0,ONCL,100.0,107.0,10.1,NONE,2019-09-04,Recap
557,AS006,1,2019,MACKOG-L,OG,L,2,3.0,C,13,1043931.0,DITE,63.0,106.0,9.2,NONE,2019-09-04,Cut tail
558,AS006,1,2019,MACKOG-L,OG,L,2,3.0,C,15,405334.0,DITE,67.0,110.0,11.6,NONE,2019-09-04,"Recap, cut tail"
559,AS006,1,2019,MACKOG-L,OG,L,2,4.0,P,1,9140667.0,ONCL,116.0,123.0,16.7,NONE,2019-09-04,Recap
560,AS006,1,2019,MACKOG-M,OG,M,1,5.0,C,1,9137543.0,ONCL,119.0,127.0,17.4,NONE,2019-09-04,Recap
561,AS006,1,2019,MACKOG-M,OG,M,1,5.0,C,2,405485.0,ONCL,94.0,98.0,8.1,NONE,2019-09-04,Recap
562,AS006,1,2019,MACKOG-M,OG,M,1,5.0,C,9,1043909.0,DITE,62.0,96.0,8.1,NONE,2019-09-04,Cut tail
563,AS006,1,2019,MACKOG-M,OG,M,1,6.0,SC,2,405294.0,ONCL,110.0,117.0,14.0,NONE,2019-09-04,Recap
564,AS006,1,2019,MACKOG-M,OG,M,1,6.0,SC,4,405408.0,ONCL,114.0,121.0,16.0,NONE,2019-09-04,Recap
565,AS006,1,2019,MACKOG-M,OG,M,1,7.0,P,1,9142247.0,ONCL,125.0,133.0,19.6,NONE,2019-09-04,Recap
566,AS006,1,2019,MACKOG-M,OG,M,1,8.0,SC,4,405417.0,ONCL,113.0,121.0,16.3,NONE,2019-09-04,Recap
567,AS006,1,2019,MACKOG-M,OG,M,1,11.0,C,4,9104182.0,ONCL,121.0,128.0,16.9,NONE,2019-09-04,Recap
568,AS006,1,2019,MACKOG-M,OG,M,1,11.0,C,5,405349.0,ONCL,108.0,115.0,13.0,NONE,2019-09-04,Recap
569,AS006,1,2019,MACKOG-M,OG,M,1,11.0,C,12,405283.0,ONCL,116.0,123.0,18.2,NONE,2019-09-04,Recap
570,AS006,1,2019,MACKOG-M,OG,M,1,11.0,C,25,1043981.0,DITE,61.0,104.0,7.4,NONE,2019-09-04,Cut tail
571,AS006,1,2019,MACKOG-M,OG,M,1,11.0,C,26,1043937.0,DITE,71.0,124.0,11.7,NONE,2019-09-04,Cut tail
572,AS006,1,2019,MACKOG-M,OG,M,1,11.0,C,31,1043993.0,DITE,148.0,240.0,90.2,NONE,2019-09-04,Terrestrial
573,AS006,1,2019,MACKOG-M,OG,M,1,11.0,C,33,405480.0,ONCL,104.0,110.0,12.2,NONE,2019-09-04,Recap
574,AS006,1,2019,MACKOG-M,OG,M,1,11.0,C,34,405434.0,ONCL,98.0,105.0,10.1,NONE,2019-09-04,Recap
575,AS006,1,2019,MACKOG-M,OG,M,2,6.0,SC,2,405483.0,ONCL,89.0,95.0,7.0,NONE,2019-09-04,Recap
576,AS006,1,2019,MACKOG-M,OG,M,2,7.0,P,1,405313.0,ONCL,124.0,132.0,20.7,NONE,2019-09-04,Recap
577,AS006,1,2019,MACKOG-M,OG,M,2,11.0,C,4,405454.0,ONCL,108.0,116.0,13.6,NONE,2019-09-04,Recap
578,AS006,1,2019,MACKOG-M,OG,M,2,11.0,C,16,1043548.0,DITE,61.0,102.0,7.2,NONE,2019-09-04,Cut tail
579,AS006,1,2019,MACKOG-M,OG,M,2,11.0,C,18,405471.0,DITE,70.0,125.0,11.5,NONE,2019-09-04,Recap
580,AS006,1,2019,MACKOG-U,OG,U,1,12.0,P,6,405340.0,ONCL,96.0,102.0,9.5,NONE,2019-09-05,Recap
581,AS006,1,2019,MACKOG-U,OG,U,1,12.0,P,7,405424.0,ONCL,91.0,96.0,8.5,NONE,2019-09-05,Recap
582,AS006,1,2019,MACKOG-U,OG,U,1,14.0,C,7,405399.0,ONCL,97.0,104.0,9.5,NONE,2019-09-05,Recap
583,AS006,1,2019,MACKOG-U,OG,U,1,15.0,P,2,8556316.0,ONCL,116.0,124.0,16.4,NONE,2019-09-05,Recap
584,AS006,1,2019,MACKOG-U,OG,U,1,15.0,P,6,405365.0,ONCL,96.0,103.0,9.0,NONE,2019-09-05,Recap
585,AS006,1,2019,MACKOG-U,OG,U,1,15.0,P,7,405200.0,ONCL,97.0,103.0,9.0,NONE,2019-09-05,Recap
586,AS006,1,2019,MACKOG-U,OG,U,1,15.0,P,10,405336.0,ONCL,107.0,113.0,12.8,NONE,2019-09-05,Recap
587,AS006,1,2019,MACKOG-U,OG,U,1,15.0,P,12,405394.0,ONCL,116.0,124.0,16.3,NONE,2019-09-05,Recap
588,AS006,1,2019,MACKOG-U,OG,U,1,15.0,P,13,405337.0,ONCL,92.0,98.0,8.3,NONE,2019-09-05,Recap
589,AS006,1,2019,MACKOG-U,OG,U,1,15.0,P,14,405396.0,ONCL,95.0,101.0,9.2,NONE,2019-09-05,Recap
590,AS006,1,2019,MACKOG-U,OG,U,1,16.0,C,2,405436.0,ONCL,110.0,116.0,13.5,NONE,2019-09-05,Recap
591,AS006,1,2019,MACKOG-U,OG,U,1,16.0,C,4,405470.0,ONCL,99.0,104.0,10.5,NONE,2019-09-05,Recap
592,AS006,1,2019,MACKOG-U,OG,U,1,16.0,C,25,1043533.0,DITE,60.0,107.0,7.9,NONE,2019-09-05,Cut tail
593,AS006,1,2019,MACKOG-U,OG,U,1,16.0,C,30,8570634.0,DITE,134.0,217.0,80.4,NONE,2019-09-05,Recap
594,AS006,1,2019,MACKOG-U,OG,U,1,16.0,C,38,9062798.0,ONCL,124.0,132.0,19.8,NONE,2019-09-05,Recap
595,AS006,1,2019,MACKOG-U,OG,U,1,16.0,C,41,405255.0,ONCL,98.0,105.0,10.9,NONE,2019-09-05,Recap
596,AS006,1,2019,MACKOG-U,OG,U,1,16.0,C,42,405304.0,ONCL,101.0,107.0,9.9,NONE,2019-09-05,Recap
597,AS006,1,2019,MACKOG-U,OG,U,2,13.0,SC,2,1043502.0,DITE,95.0,158.0,21.1,NONE,2019-09-05,Terrestrial
598,AS006,1,2019,MACKOG-U,OG,U,2,14.0,C,2,405296.0,ONCL,92.0,98.0,8.3,NONE,2019-09-05,Recap
599,AS006,1,2019,MACKOG-U,OG,U,2,14.0,C,8,1043598.0,DITE,68.0,117.0,10.5,NONE,2019-09-05,Cut tail
600,AS006,1,2019,MACKOG-U,OG,U,2,15.0,P,1,9073357.0,ONCL,142.0,150.0,29.5,NONE,2019-09-05,Recap
601,AS006,1,2019,MACKOG-U,OG,U,2,15.0,P,2,9062600.0,ONCL,142.0,150.0,28.3,NONE,2019-09-05,Recap
602,AS006,1,2019,MACKOG-U,OG,U,2,16.0,C,26,1043500.0,DITE,73.0,128.0,11.6,NONE,2019-09-05,Terrestrial
